caseyear,state,st_case,statename,ve_total,ve_forms,pvh_invl,peds,pernotmvit,permvit,persons,county,countyname,city,cityname,day,dayname,month,monthname,year,day_week,day_weekname,hour,hourname,minute,minutename,nhs,nhsname,rur_urb,rur_urbname,func_sys,func_sysname,rd_owner,rd_ownername,route,routename,tway_id,tway_id2,milept,mileptname,latitude,latitudename,longitud,longitudname,sp_jur,sp_jurname,harm_ev,harm_evname,man_coll,man_collname,reljct1,reljct1name,reljct2,reljct2name,typ_int,typ_intname,wrk_zone,wrk_zonename,road_fnc,road_fncname,rel_road,rel_roadname,lgt_cond,lgt_condname,weather1,weather1name,weather2,weather2name,weather,weathername,sch_bus,sch_busname,rail,railname,not_hour,not_hourname,not_min,not_minname,arr_hour,arr_hourname,arr_min,arr_minname,hosp_hr,hosp_hrname,hosp_mn,hosp_mnname,cf1,cf1name,cf2,cf2name,cf3,cf3name,fatals,drunk_dr
2018,32,320021,Nevada,1,1,0,0,0,1,1,27,PERSHING (27),0,NOT APPLICABLE,5,5,2,February,2018,2,Monday,7,7:00am-7:59am,30,30,1,This section IS ON the NHS,1,Rural,1,Interstate,1,State Highway Agency,1,Interstate,I-80 E,,600,600,77.77770000,Not Reported,777.777700000,Not Reported,0,No Special Jurisdiction,1,Rollover/Overturn,0,Not a Collision with Motor Vehicle In-Transport,0,No,1,Non-Junction,1,Not an Intersection,0,None,,,4,On Roadside,1,Daylight,1,Clear,0,No Additional Atmospheric Conditions,1,Clear,0,No,0000000,Not Applicable,99,Unknown,98,Unknown if Notified,99,Unknown EMS Scene Arrival Hour,98,Unknown if Arrived,88,Not Applicable (Not Transported),88,Not Applicable (Not Transported),0,None,0,None,0,None,1,0
2018,32,320107,Nevada,1,1,0,0,0,2,2,3,CLARK (3),0,NOT APPLICABLE,24,24,6,June,2018,1,Sunday,20,8:00pm-8:59pm,41,41,0,This section IS NOT on the NHS,1,Rural,7,Local,12,"Local Park, Forest or Reservation Agency",8,Other,WETLANDS TRAIL PARKING RD,,99998,Not Reported,77.77770000,Not Reported,777.777700000,Not Reported,0,No Special Jurisdiction,31,"Post, Pole or Other Supports",0,Not a Collision with Motor Vehicle In-Transport,0,No,1,Non-Junction,1,Not an Intersection,0,None,,,4,On Roadside,2,Dark - Not Lighted,7,"Blowing Sand, Soil, Dirt",0,No Additional Atmospheric Conditions,7,"Blowing Sand, Soil, Dirt",0,No,0000000,Not Applicable,20,8:00pm-8:59pm,41,41,20,8:00pm-8:59pm,53,53,21,9:00pm-9:59pm,13,13,0,None,0,None,0,None,1,0
2018,32,320121,Nevada,1,1,0,0,0,2,2,19,LYON (19),0,NOT APPLICABLE,8,8,8,August,2018,4,Wednesday,21,9:00pm-9:59pm,35,35,0,This section IS NOT on the NHS,1,Rural,6,Minor Collector,98,Not Reported,9,Unknown,MASON PASS RD,,99998,Not Reported,77.77770000,Not Reported,777.777700000,Not Reported,0,No Special Jurisdiction,1,Rollover/Overturn,0,Not a Collision with Motor Vehicle In-Transport,0,No,1,Non-Junction,1,Not an Intersection,0,None,,,4,On Roadside,2,Dark - Not Lighted,1,Clear,0,No Additional Atmospheric Conditions,1,Clear,0,No,0000000,Not Applicable,99,Unknown,99,Unknown,99,Unknown EMS Scene Arrival Hour,99,Unknown EMS Scene Arrival Minutes,88,Not Applicable (Not Transported),88,Not Applicable (Not Transported),0,None,0,None,0,None,2,1