caseyear,state,st_case,statename,ve_total,ve_forms,pvh_invl,peds,pernotmvit,permvit,persons,county,countyname,city,cityname,day,dayname,month,monthname,year,day_week,day_weekname,hour,hourname,minute,minutename,nhs,nhsname,rur_urb,rur_urbname,func_sys,func_sysname,rd_owner,rd_ownername,route,routename,tway_id,tway_id2,milept,mileptname,latitude,latitudename,longitud,longitudname,sp_jur,sp_jurname,harm_ev,harm_evname,man_coll,man_collname,reljct1,reljct1name,reljct2,reljct2name,typ_int,typ_intname,wrk_zone,wrk_zonename,road_fnc,road_fncname,rel_road,rel_roadname,lgt_cond,lgt_condname,weather1,weather1name,weather2,weather2name,weather,weathername,sch_bus,sch_busname,rail,railname,not_hour,not_hourname,not_min,not_minname,arr_hour,arr_hourname,arr_min,arr_minname,hosp_hr,hosp_hrname,hosp_mn,hosp_mnname,cf1,cf1name,cf2,cf2name,cf3,cf3name,fatals,drunk_dr
2018,32,320268,Nevada,1,1,0,0,0,1,1,31,WASHOE (31),0,NOT APPLICABLE,19,19,11,November,2018,2,Monday,5,5:00am-5:59am,50,50,1,This section IS ON the NHS,2,Urban,3,Principal Arterial - Other,1,State Highway Agency,2,U.S. Highway,US-395,,380,380,39.63615833,39.63615833,-119.942286100,-119.94228611,0,No Special Jurisdiction,1,Rollover/Overturn,0,Not a Collision with Motor Vehicle In-Transport,0,No,1,Non-Junction,1,Not an Intersection,0,None,,,3,On Median,2,Dark - Not Lighted,1,Clear,0,No Additional Atmospheric Conditions,1,Clear,0,No,0000000,Not Applicable,5,5:00am-5:59am,43,43,5,5:00am-5:59am,58,58,88,Not Applicable (Not Transported),88,Not Applicable (Not Transported),0,None,0,None,0,None,1,0
2018,32,320269,Nevada,2,1,1,0,0,1,1,3,CLARK (3),0,NOT APPLICABLE,5,5,3,March,2018,2,Monday,17,5:00pm-5:59pm,12,12,0,This section IS NOT on the NHS,6,Trafficway Not in State Inventory,96,Trafficway Not in State Inventory,96,Trafficway Not in State Inventory,3,State Highway,SR-582 BOULDER HWY,,99998,Not Reported,36.10105000,36.10105000,-115.049525000,-115.049525000,0,No Special Jurisdiction,14,Parked Motor Vehicle,0,Not a Collision with Motor Vehicle In-Transport,0,No,1,Non-Junction,1,Not an Intersection,0,None,,,7,In Parking Lane/Zone,5,Dusk,1,Clear,0,No Additional Atmospheric Conditions,1,Clear,0,No,0000000,Not Applicable,99,Unknown,99,Unknown,99,Unknown EMS Scene Arrival Hour,99,Unknown EMS Scene Arrival Minutes,99,Unknown,99,Unknown EMS Hospital Arrival Time,0,None,0,None,0,None,1,0
2018,32,320270,Nevada,2,2,0,0,0,3,3,3,CLARK (3),0,NOT APPLICABLE,19,19,6,June,2018,3,Tuesday,17,5:00pm-5:59pm,46,46,1,This section IS ON the NHS,2,Urban,3,Principal Arterial - Other,1,State Highway Agency,3,State Highway,SR-573 W CRAIG RD,N GRAND CANYON CR,99998,Not Reported,36.24070833,36.24070833,-115.306344400,-115.30634444,0,No Special Jurisdiction,12,Motor Vehicle In-Transport,6,Angle,0,No,2,Intersection,7,"Five Point, or More",0,None,,,1,On Roadway,1,Daylight,1,Clear,0,No Additional Atmospheric Conditions,1,Clear,0,No,0000000,Not Applicable,17,5:00pm-5:59pm,48,48,17,5:00pm-5:59pm,53,53,18,6:00pm-6:59pm,21,21,0,None,0,None,0,None,1,0
2018,32,320271,Nevada,1,1,0,1,1,1,1,3,CLARK (3),0,NOT APPLICABLE,12,12,8,August,2018,1,Sunday,18,6:00pm-6:59pm,27,27,0,This section IS NOT on the NHS,2,Urban,6,Minor Collector,3,Town or Township Highway Agency,5,Local Street - Township,E HARMON AVE,,99998,Not Reported,36.10762778,36.10762778,-115.064236100,-115.06423611,0,No Special Jurisdiction,9,Pedalcyclist,0,Not a Collision with Motor Vehicle In-Transport,0,No,1,Non-Junction,1,Not an Intersection,0,None,,,1,On Roadway,1,Daylight,1,Clear,0,No Additional Atmospheric Conditions,1,Clear,0,No,0000000,Not Applicable,18,6:00pm-6:59pm,28,28,18,6:00pm-6:59pm,32,32,18,6:00pm-6:59pm,51,51,0,None,0,None,0,None,1,0
2018,32,320272,Nevada,2,2,0,0,0,4,4,3,CLARK (3),0,NOT APPLICABLE,15,15,9,September,2018,7,Saturday,23,11:00pm-11:59pm,31,31,0,This section IS NOT on the NHS,2,Urban,6,Minor Collector,25,Other Local Agency,5,Local Street - Township,VEGAS VALLEY DR,MOUNTAIN VISTA ST,99998,Not Reported,36.13699722,36.13699722,-115.074266700,-115.07426667,0,No Special Jurisdiction,12,Motor Vehicle In-Transport,6,Angle,0,No,2,Intersection,2,Four-Way Intersection,0,None,,,1,On Roadway,3,Dark - Lighted,1,Clear,0,No Additional Atmospheric Conditions,1,Clear,0,No,0000000,Not Applicable,23,11:00pm-11:59pm,34,34,23,11:00pm-11:59pm,49,49,0,0:00am-0:59am,12,12,0,None,0,None,0,None,1,1
2018,32,320273,Nevada,1,1,0,1,1,1,1,3,CLARK (3),0,NOT APPLICABLE,21,21,9,September,2018,6,Friday,19,7:00pm-7:59pm,33,33,0,This section IS NOT on the NHS,2,Urban,4,Minor Arterial,3,Town or Township Highway Agency,5,Local Street - Township,E FLAMINGO RD,,99998,Not Reported,36.11481944,36.11481944,-115.150097200,-115.15009722,0,No Special Jurisdiction,8,Pedestrian,0,Not a Collision with Motor Vehicle In-Transport,0,No,1,Non-Junction,1,Not an Intersection,0,None,,,1,On Roadway,3,Dark - Lighted,1,Clear,0,No Additional Atmospheric Conditions,1,Clear,0,No,0000000,Not Applicable,19,7:00pm-7:59pm,33,33,19,7:00pm-7:59pm,36,36,19,7:00pm-7:59pm,47,47,0,None,0,None,0,None,1,0
2018,32,320274,Nevada,1,1,0,1,1,1,1,3,CLARK (3),0,NOT APPLICABLE,21,21,9,September,2018,6,Friday,23,11:00pm-11:59pm,22,22,1,This section IS ON the NHS,2,Urban,3,Principal Arterial - Other,1,State Highway Agency,3,State Highway,SR-582 BOULDER HWY,E HARMON AVE,99998,Not Reported,36.10818889,36.10818889,-115.058977800,-115.05897778,0,No Special Jurisdiction,8,Pedestrian,0,Not a Collision with Motor Vehicle In-Transport,0,No,3,Intersection-Related,7,"Five Point, or More",0,None,,,1,On Roadway,3,Dark - Lighted,1,Clear,0,No Additional Atmospheric Conditions,1,Clear,0,No,0000000,Not Applicable,99,Unknown,99,Unknown,99,Unknown EMS Scene Arrival Hour,99,Unknown EMS Scene Arrival Minutes,99,Unknown,99,Unknown EMS Hospital Arrival Time,99,Reported as Unknown,99,Reported as Unknown,99,Reported as Unknown,1,0
2018,32,320275,Nevada,5,5,0,0,0,5,5,3,CLARK (3),0,NOT APPLICABLE,28,28,9,September,2018,6,Friday,12,12:00pm-12:59pm,37,37,0,This section IS NOT on the NHS,2,Urban,4,Minor Arterial,4,City or Municipal Highway Agency,6,Local Street - Municipality,S RAINBOW BLVD,W HACIENDA AVE,99998,Not Reported,36.09242778,36.09242778,-115.242975000,-115.242975000,0,No Special Jurisdiction,12,Motor Vehicle In-Transport,6,Angle,0,No,2,Intersection,2,Four-Way Intersection,0,None,,,1,On Roadway,1,Daylight,1,Clear,0,No Additional Atmospheric Conditions,1,Clear,0,No,0000000,Not Applicable,12,12:00pm-12:59pm,44,44,12,12:00pm-12:59pm,50,50,13,1:00pm-1:59pm,9,9,0,None,0,None,0,None,1,0
2018,32,320276,Nevada,1,1,0,1,1,4,4,3,CLARK (3),0,NOT APPLICABLE,15,15,10,October,2018,2,Monday,23,11:00pm-11:59pm,46,46,0,This section IS NOT on the NHS,2,Urban,7,Local,3,Town or Township Highway Agency,5,Local Street - Township,E GOWAN RD,,99998,Not Reported,36.22568889,36.22568889,-115.063994400,-115.06399444,0,No Special Jurisdiction,8,Pedestrian,0,Not a Collision with Motor Vehicle In-Transport,0,No,1,Non-Junction,1,Not an Intersection,0,None,,,1,On Roadway,3,Dark - Lighted,1,Clear,0,No Additional Atmospheric Conditions,1,Clear,0,No,0000000,Not Applicable,23,11:00pm-11:59pm,49,49,23,11:00pm-11:59pm,52,52,0,0:00am-0:59am,14,14,0,None,0,None,0,None,1,0
2018,32,320277,Nevada,1,1,0,1,1,1,1,15,LANDER (15),0,NOT APPLICABLE,22,22,8,August,2018,4,Wednesday,20,8:00pm-8:59pm,33,33,0,This section IS NOT on the NHS,1,Rural,3,Principal Arterial - Other,25,Other Local Agency,7,Local Street - Frontage Road,FR-401,,99998,Not Reported,40.61263056,40.61263056,-116.867022200,-116.86702222,0,No Special Jurisdiction,8,Pedestrian,0,Not a Collision with Motor Vehicle In-Transport,0,No,1,Non-Junction,1,Not an Intersection,0,None,,,1,On Roadway,2,Dark - Not Lighted,1,Clear,0,No Additional Atmospheric Conditions,1,Clear,0,No,0000000,Not Applicable,88,Not Applicable (Not Notified),88,Not Applicable (Not Notified),88,Not Applicable,88,Not Applicable,88,Not Applicable (Not Transported),88,Not Applicable (Not Transported),0,None,0,None,0,None,1,0
2018,32,320278,Nevada,1,1,0,0,0,1,1,17,LINCOLN (17),0,NOT APPLICABLE,29,29,9,September,2018,7,Saturday,1,1:00am-1:59am,30,30,0,This section IS NOT on the NHS,1,Rural,3,Principal Arterial - Other,1,State Highway Agency,2,U.S. Highway,US-93,,1690,1690,38.67653056,38.67653056,-114.631800000,-114.631800000,0,No Special Jurisdiction,11,Live Animal,0,Not a Collision with Motor Vehicle In-Transport,0,No,1,Non-Junction,1,Not an Intersection,0,None,,,1,On Roadway,2,Dark - Not Lighted,1,Clear,0,No Additional Atmospheric Conditions,1,Clear,0,No,0000000,Not Applicable,99,Unknown,99,Unknown,99,Unknown EMS Scene Arrival Hour,99,Unknown EMS Scene Arrival Minutes,99,Unknown,99,Unknown EMS Hospital Arrival Time,0,None,0,None,0,None,1,0
2018,32,320279,Nevada,1,1,0,1,1,1,1,3,CLARK (3),0,NOT APPLICABLE,4,4,7,July,2018,4,Wednesday,0,0:00am-0:59am,9,9,0,This section IS NOT on the NHS,2,Urban,4,Minor Arterial,1,State Highway Agency,3,State Highway,SR-592 E FLAMINGO RD,S MARYLAND PKWY,99998,Not Reported,36.11465833,36.11465833,-115.137680600,-115.13768056,0,No Special Jurisdiction,8,Pedestrian,0,Not a Collision with Motor Vehicle In-Transport,0,No,3,Intersection-Related,2,Four-Way Intersection,4,"Work Zone, Type Unknown",,,1,On Roadway,3,Dark - Lighted,1,Clear,0,No Additional Atmospheric Conditions,1,Clear,0,No,0000000,Not Applicable,0,0:00am-0:59am,12,12,0,0:00am-0:59am,14,14,0,0:00am-0:59am,22,22,0,None,0,None,0,None,1,0
2018,32,320280,Nevada,1,1,0,1,1,1,1,31,WASHOE (31),170,RENO,15,15,10,October,2018,2,Monday,19,7:00pm-7:59pm,25,25,1,This section IS ON the NHS,2,Urban,3,Principal Arterial - Other,1,State Highway Agency,2,U.S. Highway,US-395 N VIRGINIA ST,,99998,Not Reported,39.55291667,39.55291667,-119.825636100,-119.82563611,0,No Special Jurisdiction,8,Pedestrian,0,Not a Collision with Motor Vehicle In-Transport,0,No,1,Non-Junction,1,Not an Intersection,0,None,,,1,On Roadway,2,Dark - Not Lighted,1,Clear,0,No Additional Atmospheric Conditions,1,Clear,0,No,0000000,Not Applicable,88,Not Applicable (Not Notified),88,Not Applicable (Not Notified),88,Not Applicable,88,Not Applicable,88,Not Applicable (Not Transported),88,Not Applicable (Not Transported),0,None,0,None,0,None,1,0
2018,32,320281,Nevada,1,1,0,1,1,1,1,3,CLARK (3),0,NOT APPLICABLE,5,5,4,April,2018,5,Thursday,5,5:00am-5:59am,33,33,1,This section IS ON the NHS,2,Urban,3,Principal Arterial - Other,1,State Highway Agency,3,State Highway,SR-582 BOULDER HWY,E TROPICANA AVE,99998,Not Reported,36.10092500,36.10092500,-115.051233300,-115.05123333,0,No Special Jurisdiction,8,Pedestrian,0,Not a Collision with Motor Vehicle In-Transport,0,No,3,Intersection-Related,2,Four-Way Intersection,0,None,,,1,On Roadway,3,Dark - Lighted,1,Clear,0,No Additional Atmospheric Conditions,1,Clear,0,No,0000000,Not Applicable,99,Unknown,99,Unknown,5,5:00am-5:59am,42,42,99,Unknown,99,Unknown EMS Hospital Arrival Time,0,None,0,None,0,None,1,0
2018,32,320282,Nevada,1,1,0,0,0,1,1,1,CHURCHILL (1),0,NOT APPLICABLE,31,31,8,August,2018,6,Friday,14,2:00pm-2:59pm,8,8,1,This section IS ON the NHS,1,Rural,1,Interstate,1,State Highway Agency,1,Interstate,I-80 E,,640,640,39.98178889,39.98178889,-118.688261100,-118.68826111,0,No Special Jurisdiction,31,"Post, Pole or Other Supports",0,Not a Collision with Motor Vehicle In-Transport,0,No,1,Non-Junction,1,Not an Intersection,0,None,,,4,On Roadside,1,Daylight,1,Clear,0,No Additional Atmospheric Conditions,1,Clear,0,No,0000000,Not Applicable,99,Unknown,99,Unknown,14,2:00pm-2:59pm,22,22,88,Not Applicable (Not Transported),88,Not Applicable (Not Transported),0,None,0,None,0,None,1,0
2018,32,320283,Nevada,1,1,0,1,1,1,1,19,LYON (19),0,NOT APPLICABLE,8,8,10,October,2018,2,Monday,18,6:00pm-6:59pm,57,57,1,This section IS ON the NHS,2,Urban,3,Principal Arterial - Other,1,State Highway Agency,2,U.S. Highway,US-50,,99998,Not Reported,39.59446667,39.59446667,-119.167502800,-119.16750278,0,No Special Jurisdiction,8,Pedestrian,0,Not a Collision with Motor Vehicle In-Transport,0,No,1,Non-Junction,1,Not an Intersection,0,None,,,1,On Roadway,2,Dark - Not Lighted,1,Clear,0,No Additional Atmospheric Conditions,1,Clear,0,No,0000000,Not Applicable,18,6:00pm-6:59pm,58,58,19,7:00pm-7:59pm,6,6,88,Not Applicable (Not Transported),88,Not Applicable (Not Transported),0,None,0,None,0,None,1,0
2018,32,320284,Nevada,2,2,0,0,0,6,6,31,WASHOE (31),0,NOT APPLICABLE,30,30,6,June,2018,7,Saturday,23,11:00pm-11:59pm,50,50,1,This section IS ON the NHS,2,Urban,1,Interstate,1,State Highway Agency,1,Interstate,I-80 W,,290,290,39.56341389,39.56341389,-119.543555600,-119.54355556,0,No Special Jurisdiction,12,Motor Vehicle In-Transport,2,Front-to-Front,0,No,1,Non-Junction,1,Not an Intersection,0,None,,,1,On Roadway,2,Dark - Not Lighted,1,Clear,0,No Additional Atmospheric Conditions,1,Clear,0,No,0000000,Not Applicable,99,Unknown,99,Unknown,99,Unknown EMS Scene Arrival Hour,99,Unknown EMS Scene Arrival Minutes,99,Unknown,99,Unknown EMS Hospital Arrival Time,0,None,0,None,0,None,4,1
2018,32,320285,Nevada,2,2,0,0,0,2,2,3,CLARK (3),0,NOT APPLICABLE,5,5,11,November,2018,2,Monday,8,8:00am-8:59am,22,22,1,This section IS ON the NHS,2,Urban,3,Principal Arterial - Other,1,State Highway Agency,2,U.S. Highway,US-95,,99998,Not Reported,36.19574167,36.19574167,-115.244636100,-115.24463611,0,No Special Jurisdiction,12,Motor Vehicle In-Transport,6,Angle,1,Yes,5,Entrance/Exit Ramp Related,1,Not an Intersection,0,None,,,1,On Roadway,1,Daylight,1,Clear,0,No Additional Atmospheric Conditions,1,Clear,0,No,0000000,Not Applicable,99,Unknown,99,Unknown,99,Unknown EMS Scene Arrival Hour,99,Unknown EMS Scene Arrival Minutes,99,Unknown,99,Unknown EMS Hospital Arrival Time,0,None,0,None,0,None,1,0
2018,32,320286,Nevada,2,2,0,0,0,2,2,3,CLARK (3),150,NORTH LAS VEGAS,23,23,12,December,2018,1,Sunday,16,4:00pm-4:59pm,45,45,0,This section IS NOT on the NHS,2,Urban,4,Minor Arterial,4,City or Municipal Highway Agency,6,Local Street - Municipality,CIVIC CENTER DR,E EVANS AVE,99998,Not Reported,36.21041111,36.21041111,-115.121072200,-115.12107222,0,No Special Jurisdiction,12,Motor Vehicle In-Transport,6,Angle,0,No,2,Intersection,2,Four-Way Intersection,0,None,,,1,On Roadway,5,Dusk,1,Clear,0,No Additional Atmospheric Conditions,1,Clear,0,No,0000000,Not Applicable,99,Unknown,99,Unknown,99,Unknown EMS Scene Arrival Hour,99,Unknown EMS Scene Arrival Minutes,99,Unknown,99,Unknown EMS Hospital Arrival Time,0,None,0,None,0,None,1,0
2018,32,320287,Nevada,1,1,0,0,0,2,2,3,CLARK (3),0,NOT APPLICABLE,26,26,12,December,2018,4,Wednesday,11,11:00am-11:59am,27,27,1,This section IS ON the NHS,2,Urban,1,Interstate,1,State Highway Agency,1,Interstate,I-15,,540,540,36.27935000,36.27935000,-115.035519400,-115.03551944,0,No Special Jurisdiction,1,Rollover/Overturn,0,Not a Collision with Motor Vehicle In-Transport,0,No,1,Non-Junction,1,Not an Intersection,0,None,,,4,On Roadside,1,Daylight,10,Cloudy,0,No Additional Atmospheric Conditions,10,Cloudy,0,No,0000000,Not Applicable,99,Unknown,99,Unknown,99,Unknown EMS Scene Arrival Hour,99,Unknown EMS Scene Arrival Minutes,99,Unknown,99,Unknown EMS Hospital Arrival Time,0,None,0,None,0,None,1,0
2018,32,320288,Nevada,3,3,0,0,0,3,3,21,MINERAL (21),0,NOT APPLICABLE,26,26,10,October,2018,6,Friday,6,6:00am-6:59am,45,45,1,This section IS ON the NHS,1,Rural,3,Principal Arterial - Other,1,State Highway Agency,2,U.S. Highway,US-95,,780,780,38.86091944,38.86091944,-118.784088900,-118.78408889,0,No Special Jurisdiction,12,Motor Vehicle In-Transport,2,Front-to-Front,0,No,1,Non-Junction,1,Not an Intersection,0,None,,,1,On Roadway,2,Dark - Not Lighted,1,Clear,0,No Additional Atmospheric Conditions,1,Clear,0,No,0000000,Not Applicable,99,Unknown,99,Unknown,99,Unknown EMS Scene Arrival Hour,99,Unknown EMS Scene Arrival Minutes,99,Unknown,99,Unknown EMS Hospital Arrival Time,0,None,0,None,0,None,1,0
2018,32,320289,Nevada,1,1,0,0,0,1,1,3,CLARK (3),120,LAS VEGAS,2,2,6,June,2018,7,Saturday,17,5:00pm-5:59pm,21,21,1,This section IS ON the NHS,2,Urban,3,Principal Arterial - Other,1,State Highway Agency,3,State Highway,SR-159 W CHARLESTON BLVD,,99998,Not Reported,36.15921667,36.15921667,-115.239522200,-115.23952222,0,No Special Jurisdiction,2,Fire/Explosion,0,Not a Collision with Motor Vehicle In-Transport,0,No,4,Driveway Access,1,Not an Intersection,0,None,,,1,On Roadway,1,Daylight,1,Clear,0,No Additional Atmospheric Conditions,1,Clear,0,No,0000000,Not Applicable,99,Unknown,99,Unknown,99,Unknown EMS Scene Arrival Hour,99,Unknown EMS Scene Arrival Minutes,99,Unknown,99,Unknown EMS Hospital Arrival Time,0,None,0,None,0,None,1,0
2018,32,320290,Nevada,3,3,0,1,1,3,3,3,CLARK (3),120,LAS VEGAS,13,13,11,November,2018,3,Tuesday,19,7:00pm-7:59pm,10,10,1,This section IS ON the NHS,2,Urban,3,Principal Arterial - Other,1,State Highway Agency,3,State Highway,SR-599 N RANCHO DR,,99998,Not Reported,36.20846111,36.20846111,-115.204302800,-115.20430278,0,No Special Jurisdiction,8,Pedestrian,0,Not a Collision with Motor Vehicle In-Transport,0,No,1,Non-Junction,1,Not an Intersection,0,None,,,1,On Roadway,3,Dark - Lighted,1,Clear,0,No Additional Atmospheric Conditions,1,Clear,0,No,0000000,Not Applicable,88,Not Applicable (Not Notified),88,Not Applicable (Not Notified),88,Not Applicable,88,Not Applicable,88,Not Applicable (Not Transported),88,Not Applicable (Not Transported),0,None,0,None,0,None,1,0
2018,32,320291,Nevada,2,2,0,0,0,2,2,3,CLARK (3),120,LAS VEGAS,15,15,12,December,2018,7,Saturday,4,4:00am-4:59am,9,9,0,This section IS NOT on the NHS,2,Urban,3,Principal Arterial - Other,4,City or Municipal Highway Agency,6,Local Street - Municipality,N EASTERN AVE,E WASHINGTON AVE,99998,Not Reported,36.18128611,36.18128611,-115.116144400,-115.11614444,0,No Special Jurisdiction,12,Motor Vehicle In-Transport,6,Angle,0,No,2,Intersection,2,Four-Way Intersection,0,None,,,1,On Roadway,3,Dark - Lighted,1,Clear,0,No Additional Atmospheric Conditions,1,Clear,0,No,0000000,Not Applicable,99,Unknown,99,Unknown,99,Unknown EMS Scene Arrival Hour,99,Unknown EMS Scene Arrival Minutes,99,Unknown,99,Unknown EMS Hospital Arrival Time,0,None,0,None,0,None,1,1
2018,32,320292,Nevada,2,2,0,0,0,6,6,3,CLARK (3),120,LAS VEGAS,23,23,12,December,2018,1,Sunday,0,0:00am-0:59am,57,57,0,This section IS NOT on the NHS,2,Urban,4,Minor Arterial,25,Other Local Agency,5,Local Street - Township,E BONANZA RD,N MAIN ST,99998,Not Reported,36.17721667,36.17721667,-115.142775000,-115.142775000,0,No Special Jurisdiction,12,Motor Vehicle In-Transport,6,Angle,0,No,2,Intersection,2,Four-Way Intersection,0,None,,,1,On Roadway,3,Dark - Lighted,1,Clear,0,No Additional Atmospheric Conditions,1,Clear,0,No,0000000,Not Applicable,0,0:00am-0:59am,58,58,1,1:00am-1:59am,2,2,1,1:00am-1:59am,18,18,0,None,0,None,0,None,1,0
2018,32,320293,Nevada,1,1,0,1,1,1,1,31,WASHOE (31),190,SPARKS,18,18,10,October,2018,5,Thursday,20,8:00pm-8:59pm,21,21,0,This section IS NOT on the NHS,2,Urban,3,Principal Arterial - Other,4,City or Municipal Highway Agency,6,Local Street - Municipality,BARING BL,,99998,Not Reported,39.55632222,39.55632222,-119.720425000,-119.720425000,0,No Special Jurisdiction,8,Pedestrian,0,Not a Collision with Motor Vehicle In-Transport,0,No,1,Non-Junction,1,Not an Intersection,0,None,,,1,On Roadway,3,Dark - Lighted,1,Clear,0,No Additional Atmospheric Conditions,1,Clear,0,No,0000000,Not Applicable,99,Unknown,99,Unknown,99,Unknown EMS Scene Arrival Hour,99,Unknown EMS Scene Arrival Minutes,99,Unknown,99,Unknown EMS Hospital Arrival Time,0,None,0,None,0,None,1,0
2018,32,320294,Nevada,1,1,0,1,1,1,1,5,DOUGLAS (5),0,NOT APPLICABLE,15,15,12,December,2018,7,Saturday,6,6:00am-6:59am,18,18,1,This section IS ON the NHS,1,Rural,3,Principal Arterial - Other,1,State Highway Agency,2,U.S. Highway,US-395,,290,290,39.04058333,39.04058333,-119.779777800,-119.77977778,0,No Special Jurisdiction,8,Pedestrian,0,Not a Collision with Motor Vehicle In-Transport,0,No,1,Non-Junction,1,Not an Intersection,0,None,,,1,On Roadway,2,Dark - Not Lighted,1,Clear,0,No Additional Atmospheric Conditions,1,Clear,0,No,0000000,Not Applicable,88,Not Applicable (Not Notified),88,Not Applicable (Not Notified),88,Not Applicable,88,Not Applicable,88,Not Applicable (Not Transported),88,Not Applicable (Not Transported),0,None,0,None,0,None,1,0
2018,32,320295,Nevada,1,1,0,1,1,1,1,31,WASHOE (31),170,RENO,28,28,12,December,2018,6,Friday,17,5:00pm-5:59pm,27,27,1,This section IS ON the NHS,2,Urban,3,Principal Arterial - Other,1,State Highway Agency,3,State Highway,SR-667 KIETZKE LN,,99998,Not Reported,39.52579167,39.52579167,-119.789241700,-119.78924167,0,No Special Jurisdiction,8,Pedestrian,0,Not a Collision with Motor Vehicle In-Transport,0,No,1,Non-Junction,1,Not an Intersection,0,None,,,1,On Roadway,3,Dark - Lighted,1,Clear,0,No Additional Atmospheric Conditions,1,Clear,0,No,0000000,Not Applicable,88,Not Applicable (Not Notified),88,Not Applicable (Not Notified),88,Not Applicable,88,Not Applicable,88,Not Applicable (Not Transported),88,Not Applicable (Not Transported),0,None,0,None,0,None,1,0
2018,32,320296,Nevada,1,1,0,0,0,2,2,3,CLARK (3),0,NOT APPLICABLE,23,23,10,October,2018,3,Tuesday,15,3:00pm-3:59pm,11,11,1,This section IS ON the NHS,1,Rural,1,Interstate,1,State Highway Agency,1,Interstate,I-11,,120,120,35.95638056,35.95638056,-114.908102800,-114.90810278,0,No Special Jurisdiction,35,Embankment,0,Not a Collision with Motor Vehicle In-Transport,0,No,1,Non-Junction,1,Not an Intersection,0,None,,,4,On Roadside,1,Daylight,1,Clear,0,No Additional Atmospheric Conditions,1,Clear,0,No,0000000,Not Applicable,99,Unknown,99,Unknown,99,Unknown EMS Scene Arrival Hour,99,Unknown EMS Scene Arrival Minutes,99,Unknown,99,Unknown EMS Hospital Arrival Time,0,None,0,None,0,None,1,0
2018,32,320297,Nevada,1,1,0,0,0,2,2,3,CLARK (3),0,NOT APPLICABLE,13,13,11,November,2018,3,Tuesday,22,10:00pm-10:59pm,37,37,1,This section IS ON the NHS,1,Rural,1,Interstate,1,State Highway Agency,1,Interstate,I-15 N,,890,890,36.65275556,36.65275556,-114.583136100,-114.58313611,0,No Special Jurisdiction,1,Rollover/Overturn,0,Not a Collision with Motor Vehicle In-Transport,0,No,1,Non-Junction,1,Not an Intersection,0,None,,,4,On Roadside,2,Dark - Not Lighted,1,Clear,0,No Additional Atmospheric Conditions,1,Clear,0,No,0000000,Not Applicable,99,Unknown,99,Unknown,99,Unknown EMS Scene Arrival Hour,99,Unknown EMS Scene Arrival Minutes,99,Unknown,99,Unknown EMS Hospital Arrival Time,0,None,0,None,0,None,1,0
2018,32,320298,Nevada,3,3,0,2,2,3,3,31,WASHOE (31),0,NOT APPLICABLE,10,10,11,November,2018,7,Saturday,22,10:00pm-10:59pm,0,0,1,This section IS ON the NHS,2,Urban,3,Principal Arterial - Other,1,State Highway Agency,3,State Highway,SR-431,,99998,Not Reported,39.39174444,39.39174444,-119.788855600,-119.78885556,0,No Special Jurisdiction,12,Motor Vehicle In-Transport,2,Front-to-Front,0,No,1,Non-Junction,1,Not an Intersection,0,None,,,1,On Roadway,2,Dark - Not Lighted,10,Cloudy,0,No Additional Atmospheric Conditions,10,Cloudy,0,No,0000000,Not Applicable,99,Unknown,99,Unknown,99,Unknown EMS Scene Arrival Hour,99,Unknown EMS Scene Arrival Minutes,99,Unknown,99,Unknown EMS Hospital Arrival Time,0,None,0,None,0,None,3,0
2018,32,320299,Nevada,1,1,0,1,1,1,1,510,IND.CITY-CARSON CITY (510),0,NOT APPLICABLE,17,17,11,November,2018,7,Saturday,8,8:00am-8:59am,19,19,1,This section IS ON the NHS,1,Rural,3,Principal Arterial - Other,1,State Highway Agency,2,U.S. Highway,US-50 E,AIRPORT RD,99998,Not Reported,39.17658056,39.17658056,-119.733222200,-119.73322222,0,No Special Jurisdiction,8,Pedestrian,0,Not a Collision with Motor Vehicle In-Transport,0,No,3,Intersection-Related,2,Four-Way Intersection,0,None,,,1,On Roadway,1,Daylight,1,Clear,0,No Additional Atmospheric Conditions,1,Clear,0,No,0000000,Not Applicable,99,Unknown,99,Unknown,99,Unknown EMS Scene Arrival Hour,99,Unknown EMS Scene Arrival Minutes,99,Unknown,99,Unknown EMS Hospital Arrival Time,0,None,0,None,0,None,1,0