caseyear,state,st_case,statename,ve_total,ve_forms,pvh_invl,peds,pernotmvit,permvit,persons,county,countyname,city,cityname,day,dayname,month,monthname,year,day_week,day_weekname,hour,hourname,minute,minutename,nhs,nhsname,rur_urb,rur_urbname,func_sys,func_sysname,rd_owner,rd_ownername,route,routename,tway_id,tway_id2,milept,mileptname,latitude,latitudename,longitud,longitudname,sp_jur,sp_jurname,harm_ev,harm_evname,man_coll,man_collname,reljct1,reljct1name,reljct2,reljct2name,typ_int,typ_intname,wrk_zone,wrk_zonename,road_fnc,road_fncname,rel_road,rel_roadname,lgt_cond,lgt_condname,weather1,weather1name,weather2,weather2name,weather,weathername,sch_bus,sch_busname,rail,railname,not_hour,not_hourname,not_min,not_minname,arr_hour,arr_hourname,arr_min,arr_minname,hosp_hr,hosp_hrname,hosp_mn,hosp_mnname,cf1,cf1name,cf2,cf2name,cf3,cf3name,fatals,drunk_dr
2021,32,320297,Nevada,1,1,0,0,0,2,2,31,WASHOE (31),0,NOT APPLICABLE,26,26,8,August,2021,5,Thursday,20,8:00pm-8:59pm,13,13,0,This section IS NOT on the NHS,2,Urban,7,Local,2,County Highway Agency,5,Local Street - Township,WOODS DR,,99998,Not Reported,39.59091389,39.59091389,-119.773466670,-119.773466670,0,No Special Jurisdiction,34,Ditch,0,The First Harmful Event was Not a Collision with a Motor Vehicle in Transport,0,No,1,Non-Junction,1,Not an Intersection,0,None,,,4,On Roadside,2,Dark - Not Lighted,,,,,1,Clear,0,No,0000000,Not Applicable,99,Unknown,99,Unknown,99,Unknown EMS Scene Arrival Hour,99,Unknown EMS Scene Arrival Minutes,99,Unknown,99,Unknown EMS Hospital Arrival Time,,,,,,,1,
2021,32,320298,Nevada,2,2,0,0,0,2,2,3,CLARK (3),150,NORTH LAS VEGAS,26,26,10,October,2021,3,Tuesday,20,8:00pm-8:59pm,9,9,0,This section IS NOT on the NHS,2,Urban,4,Minor Arterial,4,City or Municipal Highway Agency,8,Other,LOSEE RD,E ALEXANDER RD,99998,Not Reported,36.23225278,36.23225278,-115.116850000,-115.116850000,0,No Special Jurisdiction,12,Motor Vehicle In-Transport,6,Angle,0,No,2,Intersection,2,Four-Way Intersection,0,None,,,1,On Roadway,3,Dark - Lighted,,,,,1,Clear,0,No,0000000,Not Applicable,99,Unknown,99,Unknown,99,Unknown EMS Scene Arrival Hour,99,Unknown EMS Scene Arrival Minutes,88,"Not Applicable (Not Transported) ",88,Not Applicable (Not Transported),,,,,,,1,
2021,32,320299,Nevada,2,2,0,0,0,3,3,31,WASHOE (31),170,RENO,22,22,10,October,2021,6,Friday,1,1:00am-1:59am,9,9,0,This section IS NOT on the NHS,2,Urban,4,Minor Arterial,4,City or Municipal Highway Agency,8,Other,MCCARRAN BLVD,LAKESIDE DR,99998,Not Reported,39.47658056,39.47658056,-119.807925000,-119.807925000,0,No Special Jurisdiction,12,Motor Vehicle In-Transport,6,Angle,0,No,2,Intersection,2,Four-Way Intersection,0,None,,,1,On Roadway,3,Dark - Lighted,,,,,10,Cloudy,0,No,0000000,Not Applicable,99,Unknown,99,Unknown,99,Unknown EMS Scene Arrival Hour,99,Unknown EMS Scene Arrival Minutes,99,Unknown,99,Unknown EMS Hospital Arrival Time,,,,,,,1,
2021,32,320300,Nevada,2,2,0,0,0,3,3,3,CLARK (3),0,NOT APPLICABLE,2,2,11,November,2021,3,Tuesday,3,3:00am-3:59am,39,39,1,This section IS ON the NHS,2,Urban,3,Principal Arterial - Other,1,State Highway Agency,3,State Highway,SR-595,,99998,Not Reported,36.10967500,36.10967500,-115.242866670,-115.242866670,0,No Special Jurisdiction,12,Motor Vehicle In-Transport,1,Front-to-Rear,0,No,1,Non-Junction,1,Not an Intersection,0,None,,,1,On Roadway,3,Dark - Lighted,,,,,1,Clear,0,No,0000000,Not Applicable,99,Unknown,99,Unknown,99,Unknown EMS Scene Arrival Hour,99,Unknown EMS Scene Arrival Minutes,99,Unknown,99,Unknown EMS Hospital Arrival Time,,,,,,,1,
2021,32,320301,Nevada,2,2,0,0,0,2,2,3,CLARK (3),0,NOT APPLICABLE,17,17,9,September,2021,6,Friday,21,9:00pm-9:59pm,35,35,0,This section IS NOT on the NHS,2,Urban,4,Minor Arterial,2,County Highway Agency,8,Other,W SUNSET RD,RAFAEL RIVERA WAY,99998,Not Reported,36.07040833,36.07040833,-115.287283330,-115.287283330,0,No Special Jurisdiction,12,Motor Vehicle In-Transport,6,Angle,0,No,2,Intersection,2,Four-Way Intersection,0,None,,,1,On Roadway,3,Dark - Lighted,,,,,1,Clear,0,No,0000000,Not Applicable,99,Unknown,99,Unknown,99,Unknown EMS Scene Arrival Hour,99,Unknown EMS Scene Arrival Minutes,99,Unknown,99,Unknown EMS Hospital Arrival Time,,,,,,,1,
2021,32,320302,Nevada,2,2,0,0,0,3,3,23,NYE (23),0,NOT APPLICABLE,23,23,9,September,2021,5,Thursday,23,11:00pm-11:59pm,31,31,0,This section IS NOT on the NHS,2,Urban,7,Local,2,County Highway Agency,8,Other,S DANDELION ST,,99998,Not Reported,36.18359444,36.18359444,-115.981752780,-115.981752780,0,No Special Jurisdiction,12,Motor Vehicle In-Transport,2,Front-to-Front,0,No,1,Non-Junction,1,Not an Intersection,0,None,,,1,On Roadway,2,Dark - Not Lighted,,,,,1,Clear,0,No,0000000,Not Applicable,99,Unknown,99,Unknown,99,Unknown EMS Scene Arrival Hour,99,Unknown EMS Scene Arrival Minutes,99,Unknown,99,Unknown EMS Hospital Arrival Time,,,,,,,1,
2021,32,320303,Nevada,3,3,0,0,0,3,3,3,CLARK (3),120,LAS VEGAS,27,27,11,November,2021,7,Saturday,14,2:00pm-2:59pm,6,6,0,This section IS NOT on the NHS,2,Urban,4,Minor Arterial,4,City or Municipal Highway Agency,8,Other,W CHARLESTON BLVD,,99998,Not Reported,36.15913333,36.15913333,-115.278047220,-115.278047220,0,No Special Jurisdiction,12,Motor Vehicle In-Transport,6,Angle,0,No,8,Driveway Access Related,1,Not an Intersection,0,None,,,1,On Roadway,1,Daylight,,,,,1,Clear,0,No,0000000,Not Applicable,14,2:00pm-2:59pm,7,7,14,2:00pm-2:59pm,11,11,14,2:00pm-2:59pm,31,31,,,,,,,1,
2021,32,320304,Nevada,1,1,0,1,1,1,1,3,CLARK (3),0,NOT APPLICABLE,3,3,12,December,2021,6,Friday,11,11:00am-11:59am,23,23,0,This section IS NOT on the NHS,2,Urban,4,Minor Arterial,2,County Highway Agency,8,Other,S PECOS RD,,99998,Not Reported,36.08175000,36.08175000,-115.100941670,-115.100941670,0,No Special Jurisdiction,15,Non-Motorist on Personal Conveyance,0,The First Harmful Event was Not a Collision with a Motor Vehicle in Transport,0,No,1,Non-Junction,1,Not an Intersection,0,None,,,1,On Roadway,1,Daylight,,,,,1,Clear,0,No,0000000,Not Applicable,11,11:00am-11:59am,23,23,11,11:00am-11:59am,29,29,11,11:00am-11:59am,47,47,,,,,,,1,
2021,32,320306,Nevada,5,5,0,0,0,14,14,23,NYE (23),0,NOT APPLICABLE,28,28,11,November,2021,1,Sunday,11,11:00am-11:59am,20,20,1,This section IS ON the NHS,1,Rural,3,Principal Arterial - Other,1,State Highway Agency,2,U.S. Highway,US-95 N,,270,270,36.63170833,36.63170833,-116.345936110,-116.345936110,0,No Special Jurisdiction,12,Motor Vehicle In-Transport,8,Sideswipe - Opposite Direction,0,No,1,Non-Junction,1,Not an Intersection,0,None,,,2,On Shoulder,1,Daylight,,,,,1,Clear,0,No,0000000,Not Applicable,99,Unknown,99,Unknown,99,Unknown EMS Scene Arrival Hour,99,Unknown EMS Scene Arrival Minutes,99,Unknown,99,Unknown EMS Hospital Arrival Time,,,,,,,3,
2021,32,320307,Nevada,2,2,0,0,0,2,2,3,CLARK (3),0,NOT APPLICABLE,5,5,12,December,2021,1,Sunday,15,3:00pm-3:59pm,59,59,0,This section IS NOT on the NHS,2,Urban,4,Minor Arterial,4,City or Municipal Highway Agency,8,Other,N STEPHANIE ST,TRAIL CANYON RD,99998,Not Reported,36.04473611,36.04473611,-115.046588890,-115.046588890,0,No Special Jurisdiction,12,Motor Vehicle In-Transport,1,Front-to-Rear,0,No,3,Intersection-Related,2,Four-Way Intersection,0,None,,,1,On Roadway,1,Daylight,,,,,1,Clear,0,No,0000000,Not Applicable,99,Unknown,99,Unknown,99,Unknown EMS Scene Arrival Hour,99,Unknown EMS Scene Arrival Minutes,99,Unknown,99,Unknown EMS Hospital Arrival Time,,,,,,,1,
2021,32,320308,Nevada,2,2,0,0,0,2,2,3,CLARK (3),120,LAS VEGAS,5,5,12,December,2021,1,Sunday,5,5:00am-5:59am,23,23,0,This section IS NOT on the NHS,2,Urban,4,Minor Arterial,4,City or Municipal Highway Agency,8,Other,W CRAIG RD,N RANCHO DR,99998,Not Reported,36.23952222,36.23952222,-115.232622220,-115.232622220,0,No Special Jurisdiction,12,Motor Vehicle In-Transport,6,Angle,0,No,2,Intersection,2,Four-Way Intersection,0,None,,,1,On Roadway,3,Dark - Lighted,,,,,1,Clear,0,No,0000000,Not Applicable,5,5:00am-5:59am,25,25,5,5:00am-5:59am,30,30,5,5:00am-5:59am,47,47,,,,,,,1,
2021,32,320309,Nevada,2,2,0,0,0,2,2,3,CLARK (3),0,NOT APPLICABLE,4,4,12,December,2021,7,Saturday,12,12:00pm-12:59pm,18,18,1,This section IS ON the NHS,2,Urban,3,Principal Arterial - Other,1,State Highway Agency,3,State Highway,SR-160,ERSKINE JUNCTION WAY,110,110,36.03490278,36.03490278,-115.358977780,-115.358977780,0,No Special Jurisdiction,12,Motor Vehicle In-Transport,6,Angle,0,No,2,Intersection,2,Four-Way Intersection,0,None,,,1,On Roadway,1,Daylight,,,,,1,Clear,0,No,0000000,Not Applicable,99,Unknown,99,Unknown,99,Unknown EMS Scene Arrival Hour,99,Unknown EMS Scene Arrival Minutes,99,Unknown,99,Unknown EMS Hospital Arrival Time,,,,,,,1,
2021,32,320310,Nevada,1,1,0,1,1,1,1,31,WASHOE (31),0,NOT APPLICABLE,6,6,8,August,2021,6,Friday,2,2:00am-2:59am,55,55,1,This section IS ON the NHS,2,Urban,1,Interstate,1,State Highway Agency,1,Interstate,I-80,,160,160,39.53404722,39.53404722,-119.754230560,-119.754230560,0,No Special Jurisdiction,8,Pedestrian,0,The First Harmful Event was Not a Collision with a Motor Vehicle in Transport,0,No,1,Non-Junction,1,Not an Intersection,0,None,,,2,On Shoulder,3,Dark - Lighted,,,,,5,"Fog, Smog, Smoke",0,No,0000000,Not Applicable,99,Unknown,98,Unknown if Notified,99,Unknown EMS Scene Arrival Hour,98,Unknown if Arrived,88,"Not Applicable (Not Transported) ",88,Not Applicable (Not Transported),,,,,,,1,
2021,32,320311,Nevada,1,1,0,0,0,4,4,9,ESMERALDA (9),0,NOT APPLICABLE,30,30,8,August,2021,2,Monday,9,9:00am-9:59am,25,25,1,This section IS ON the NHS,1,Rural,3,Principal Arterial - Other,1,State Highway Agency,3,State Highway,SR-264,,70,70,37.65089167,37.65089167,-118.050344440,-118.050344440,0,No Special Jurisdiction,1,Rollover/Overturn,0,The First Harmful Event was Not a Collision with a Motor Vehicle in Transport,0,No,1,Non-Junction,1,Not an Intersection,0,None,,,4,On Roadside,1,Daylight,,,,,1,Clear,0,No,0000000,Not Applicable,99,Unknown,99,Unknown,99,Unknown EMS Scene Arrival Hour,99,Unknown EMS Scene Arrival Minutes,99,Unknown,99,Unknown EMS Hospital Arrival Time,,,,,,,1,
2021,32,320312,Nevada,1,1,0,0,0,2,2,11,EUREKA (11),0,NOT APPLICABLE,4,4,12,December,2021,7,Saturday,8,8:00am-8:59am,0,0,1,This section IS ON the NHS,1,Rural,3,Principal Arterial - Other,1,State Highway Agency,3,State Highway,SR-278,,580,580,40.29178611,40.29178611,-116.107991670,-116.107991670,0,No Special Jurisdiction,1,Rollover/Overturn,0,The First Harmful Event was Not a Collision with a Motor Vehicle in Transport,0,No,1,Non-Junction,1,Not an Intersection,0,None,,,4,On Roadside,1,Daylight,,,,,1,Clear,0,No,0000000,Not Applicable,99,Unknown,99,Unknown,99,Unknown EMS Scene Arrival Hour,99,Unknown EMS Scene Arrival Minutes,99,Unknown,99,Unknown EMS Hospital Arrival Time,,,,,,,1,
2021,32,320313,Nevada,1,1,0,1,1,3,3,3,CLARK (3),0,NOT APPLICABLE,16,16,8,August,2021,2,Monday,21,9:00pm-9:59pm,30,30,0,This section IS NOT on the NHS,2,Urban,4,Minor Arterial,2,County Highway Agency,8,Other,RAFAEL RIVERA WAY,S DURANGO DR,99998,Not Reported,36.06725278,36.06725278,-115.279633330,-115.279633330,0,No Special Jurisdiction,8,Pedestrian,0,The First Harmful Event was Not a Collision with a Motor Vehicle in Transport,0,No,3,Intersection-Related,2,Four-Way Intersection,0,None,,,1,On Roadway,3,Dark - Lighted,,,,,1,Clear,0,No,0000000,Not Applicable,99,Unknown,99,Unknown,99,Unknown EMS Scene Arrival Hour,99,Unknown EMS Scene Arrival Minutes,99,Unknown,99,Unknown EMS Hospital Arrival Time,,,,,,,1,
2021,32,320314,Nevada,1,1,0,1,1,1,1,23,NYE (23),0,NOT APPLICABLE,10,10,12,December,2021,6,Friday,17,5:00pm-5:59pm,30,30,1,This section IS ON the NHS,1,Rural,3,Principal Arterial - Other,1,State Highway Agency,3,State Highway,SR-373,,150,150,36.60348889,36.60348889,-116.407483330,-116.407483330,0,No Special Jurisdiction,8,Pedestrian,0,The First Harmful Event was Not a Collision with a Motor Vehicle in Transport,0,No,1,Non-Junction,1,Not an Intersection,0,None,,,1,On Roadway,2,Dark - Not Lighted,,,,,1,Clear,0,No,0000000,Not Applicable,99,Unknown,98,Unknown if Notified,99,Unknown EMS Scene Arrival Hour,98,Unknown if Arrived,88,"Not Applicable (Not Transported) ",88,Not Applicable (Not Transported),,,,,,,1,
2021,32,320315,Nevada,2,2,0,0,0,6,6,3,CLARK (3),0,NOT APPLICABLE,5,5,8,August,2021,5,Thursday,11,11:00am-11:59am,46,46,0,This section IS NOT on the NHS,2,Urban,4,Minor Arterial,4,City or Municipal Highway Agency,8,Other,S LAS VEGAS BLVD,W BOB STUPAK AVE,99998,Not Reported,36.16911944,36.16911944,-115.140697220,-115.140697220,0,No Special Jurisdiction,12,Motor Vehicle In-Transport,6,Angle,0,No,2,Intersection,3,T-Intersection,0,None,,,1,On Roadway,1,Daylight,,,,,1,Clear,0,No,0000000,Not Applicable,11,11:00am-11:59am,49,49,11,11:00am-11:59am,53,53,12,12:00pm-12:59pm,12,12,,,,,,,1,
2021,32,320316,Nevada,2,2,0,0,0,6,6,7,ELKO (7),40,CARLIN,27,27,8,August,2021,6,Friday,2,2:00am-2:59am,15,15,0,This section IS NOT on the NHS,1,Rural,4,Minor Arterial,4,City or Municipal Highway Agency,8,Other,CHESTNUT ST,,99998,Not Reported,40.71850000,40.71850000,-116.103983330,-116.103983330,0,No Special Jurisdiction,12,Motor Vehicle In-Transport,1,Front-to-Rear,0,No,1,Non-Junction,1,Not an Intersection,0,None,,,1,On Roadway,3,Dark - Lighted,,,,,1,Clear,0,No,0000000,Not Applicable,99,Unknown,99,Unknown,99,Unknown EMS Scene Arrival Hour,99,Unknown EMS Scene Arrival Minutes,99,Unknown,99,Unknown EMS Hospital Arrival Time,,,,,,,1,
2021,32,320317,Nevada,4,4,0,0,0,6,6,3,CLARK (3),110,HENDERSON,4,4,12,December,2021,7,Saturday,19,7:00pm-7:59pm,2,2,1,This section IS ON the NHS,2,Urban,3,Principal Arterial - Other,4,City or Municipal Highway Agency,8,Other,S EASTERN AVE,BLUEGRASS LN,99998,Not Reported,36.04591944,36.04591944,-115.118163890,-115.118163890,0,No Special Jurisdiction,12,Motor Vehicle In-Transport,6,Angle,0,No,2,Intersection,2,Four-Way Intersection,0,None,,,1,On Roadway,3,Dark - Lighted,,,,,1,Clear,0,No,0000000,Not Applicable,19,7:00pm-7:59pm,2,2,99,Unknown EMS Scene Arrival Hour,99,Unknown EMS Scene Arrival Minutes,99,Unknown,99,Unknown EMS Hospital Arrival Time,,,,,,,1,
2021,32,320318,Nevada,2,2,0,0,0,3,3,3,CLARK (3),0,NOT APPLICABLE,2,2,12,December,2021,5,Thursday,14,2:00pm-2:59pm,34,34,1,This section IS ON the NHS,2,Urban,3,Principal Arterial - Other,1,State Highway Agency,2,U.S. Highway,US-93,,600,600,36.48005833,36.48005833,-114.953125000,-114.953125000,0,No Special Jurisdiction,12,Motor Vehicle In-Transport,2,Front-to-Front,0,No,1,Non-Junction,1,Not an Intersection,0,None,,,1,On Roadway,1,Daylight,,,,,1,Clear,0,No,0000000,Not Applicable,99,Unknown,99,Unknown,99,Unknown EMS Scene Arrival Hour,99,Unknown EMS Scene Arrival Minutes,99,Unknown,99,Unknown EMS Hospital Arrival Time,,,,,,,1,
2021,32,320319,Nevada,1,1,0,0,0,1,1,3,CLARK (3),0,NOT APPLICABLE,12,12,12,December,2021,1,Sunday,17,5:00pm-5:59pm,59,59,1,This section IS ON the NHS,2,Urban,1,Interstate,1,State Highway Agency,1,Interstate,I-15 NB,,99998,Not Reported,36.30906667,36.30906667,-114.954777780,-114.954777780,0,No Special Jurisdiction,1,Rollover/Overturn,0,The First Harmful Event was Not a Collision with a Motor Vehicle in Transport,1,Yes,5,Entrance/Exit Ramp Related,1,Not an Intersection,0,None,,,8,Gore,3,Dark - Lighted,,,,,1,Clear,0,No,0000000,Not Applicable,99,Unknown,98,Unknown if Notified,99,Unknown EMS Scene Arrival Hour,98,Unknown if Arrived,88,"Not Applicable (Not Transported) ",88,Not Applicable (Not Transported),,,,,,,1,
2021,32,320320,Nevada,1,1,0,1,1,1,1,3,CLARK (3),0,NOT APPLICABLE,15,15,11,November,2021,2,Monday,1,1:00am-1:59am,43,43,0,This section IS NOT on the NHS,2,Urban,4,Minor Arterial,4,City or Municipal Highway Agency,8,Other,E TROPICANA AVE,KOVAL LN,99998,Not Reported,36.10098611,36.10098611,-115.163941670,-115.163941670,0,No Special Jurisdiction,8,Pedestrian,0,The First Harmful Event was Not a Collision with a Motor Vehicle in Transport,0,No,3,Intersection-Related,2,Four-Way Intersection,0,None,,,1,On Roadway,3,Dark - Lighted,,,,,1,Clear,0,No,0000000,Not Applicable,1,1:00am-1:59am,44,44,1,1:00am-1:59am,58,58,2,2:00am-2:59am,9,9,,,,,,,1,
2021,32,320321,Nevada,1,1,0,1,1,4,4,3,CLARK (3),120,LAS VEGAS,16,16,12,December,2021,5,Thursday,12,12:00pm-12:59pm,42,42,0,This section IS NOT on the NHS,2,Urban,4,Minor Arterial,4,City or Municipal Highway Agency,8,Other,W WASHINGTON AVE,,99998,Not Reported,36.18100000,36.18100000,-115.175686110,-115.175686110,0,No Special Jurisdiction,8,Pedestrian,0,The First Harmful Event was Not a Collision with a Motor Vehicle in Transport,0,No,1,Non-Junction,1,Not an Intersection,0,None,,,1,On Roadway,1,Daylight,,,,,1,Clear,0,No,0000000,Not Applicable,12,12:00pm-12:59pm,44,44,12,12:00pm-12:59pm,48,48,12,12:00pm-12:59pm,56,56,,,,,,,1,
2021,32,320322,Nevada,1,1,0,1,1,2,2,3,CLARK (3),0,NOT APPLICABLE,17,17,12,December,2021,6,Friday,9,9:00am-9:59am,21,21,1,This section IS ON the NHS,2,Urban,3,Principal Arterial - Other,4,City or Municipal Highway Agency,8,Other,S RAINBOW BLVD,,99998,Not Reported,36.06203611,36.06203611,-115.242297220,-115.242297220,0,No Special Jurisdiction,8,Pedestrian,0,The First Harmful Event was Not a Collision with a Motor Vehicle in Transport,0,No,4,Driveway Access,1,Not an Intersection,0,None,,,1,On Roadway,1,Daylight,,,,,1,Clear,0,No,0000000,Not Applicable,9,9:00am-9:59am,23,23,9,9:00am-9:59am,34,34,9,9:00am-9:59am,55,55,,,,,,,1,
2021,32,320323,Nevada,3,3,0,0,0,4,4,3,CLARK (3),0,NOT APPLICABLE,20,20,12,December,2021,2,Monday,6,6:00am-6:59am,21,21,0,This section IS NOT on the NHS,2,Urban,4,Minor Arterial,2,County Highway Agency,8,Other,W SILVERADO RANCH BLVD,CRIMAN RIDGE ST,99998,Not Reported,36.01345833,36.01345833,-115.195666670,-115.195666670,0,No Special Jurisdiction,12,Motor Vehicle In-Transport,6,Angle,0,No,2,Intersection,3,T-Intersection,0,None,,,1,On Roadway,1,Daylight,,,,,1,Clear,0,No,0000000,Not Applicable,6,6:00am-6:59am,22,22,6,6:00am-6:59am,32,32,6,6:00am-6:59am,56,56,,,,,,,1,
2021,32,320324,Nevada,2,2,0,0,0,3,3,3,CLARK (3),120,LAS VEGAS,21,21,12,December,2021,3,Tuesday,1,1:00am-1:59am,19,19,0,This section IS NOT on the NHS,2,Urban,4,Minor Arterial,4,City or Municipal Highway Agency,8,Other,W SAHARA AVE,S RAINBOW BLVD,99998,Not Reported,36.14425833,36.14425833,-115.242830560,-115.242830560,0,No Special Jurisdiction,12,Motor Vehicle In-Transport,6,Angle,0,No,2,Intersection,2,Four-Way Intersection,0,None,,,1,On Roadway,3,Dark - Lighted,,,,,1,Clear,0,No,0000000,Not Applicable,1,1:00am-1:59am,23,23,1,1:00am-1:59am,28,28,1,1:00am-1:59am,52,52,,,,,,,2,
2021,32,320325,Nevada,2,2,0,0,0,2,2,3,CLARK (3),0,NOT APPLICABLE,22,22,12,December,2021,4,Wednesday,19,7:00pm-7:59pm,28,28,1,This section IS ON the NHS,2,Urban,3,Principal Arterial - Other,1,State Highway Agency,3,State Highway,SR-589 E TROPICANA AVE,,99998,Not Reported,36.10089167,36.10089167,-115.125788890,-115.125788890,0,No Special Jurisdiction,12,Motor Vehicle In-Transport,6,Angle,0,No,8,Driveway Access Related,1,Not an Intersection,0,None,,,1,On Roadway,3,Dark - Lighted,,,,,10,Cloudy,0,No,0000000,Not Applicable,99,Unknown,98,Unknown if Notified,99,Unknown EMS Scene Arrival Hour,98,Unknown if Arrived,88,"Not Applicable (Not Transported) ",88,Not Applicable (Not Transported),,,,,,,1,
2021,32,320326,Nevada,1,1,0,0,0,1,1,3,CLARK (3),0,NOT APPLICABLE,25,25,12,December,2021,7,Saturday,13,1:00pm-1:59pm,0,0,0,This section IS NOT on the NHS,1,Rural,5,Major Collector,66,National Park Service,8,Other,LAKESHORE ROAD,,80,80,36.10809444,36.10809444,-114.852858330,-114.852858330,1,National Park Service,1,Rollover/Overturn,0,The First Harmful Event was Not a Collision with a Motor Vehicle in Transport,0,No,1,Non-Junction,1,Not an Intersection,0,None,,,4,On Roadside,1,Daylight,,,,,10,Cloudy,0,No,0000000,Not Applicable,99,Unknown,98,Unknown if Notified,99,Unknown EMS Scene Arrival Hour,98,Unknown if Arrived,88,"Not Applicable (Not Transported) ",88,Not Applicable (Not Transported),,,,,,,1,
2021,32,320327,Nevada,2,2,0,0,0,3,3,3,CLARK (3),0,NOT APPLICABLE,30,30,12,December,2021,5,Thursday,6,6:00am-6:59am,51,51,0,This section IS NOT on the NHS,1,Rural,7,Local,2,County Highway Agency,9,Unknown,PABCO RD,,99998,Not Reported,36.25292222,36.25292222,-114.884127780,-114.884127780,0,No Special Jurisdiction,12,Motor Vehicle In-Transport,2,Front-to-Front,0,No,1,Non-Junction,1,Not an Intersection,0,None,,,1,On Roadway,4,Dawn,,,,,1,Clear,0,No,0000000,Not Applicable,99,Unknown,99,Unknown,99,Unknown EMS Scene Arrival Hour,99,Unknown EMS Scene Arrival Minutes,99,Unknown,99,Unknown EMS Hospital Arrival Time,,,,,,,1,
2021,32,320328,Nevada,4,4,0,0,0,5,5,3,CLARK (3),0,NOT APPLICABLE,20,20,8,August,2021,6,Friday,8,8:00am-8:59am,20,20,0,This section IS NOT on the NHS,2,Urban,4,Minor Arterial,4,City or Municipal Highway Agency,8,Other,RANCHO DR,N JONES BLVD,99998,Not Reported,36.23109722,36.23109722,-115.224991670,-115.224991670,0,No Special Jurisdiction,12,Motor Vehicle In-Transport,6,Angle,0,No,2,Intersection,2,Four-Way Intersection,0,None,,,1,On Roadway,1,Daylight,,,,,1,Clear,0,No,0000000,Not Applicable,8,8:00am-8:59am,23,23,8,8:00am-8:59am,32,32,9,9:00am-9:59am,52,52,,,,,,,1,
2021,32,320329,Nevada,2,2,0,0,0,2,2,13,HUMBOLDT (13),0,NOT APPLICABLE,20,20,8,August,2021,6,Friday,17,5:00pm-5:59pm,39,39,1,This section IS ON the NHS,1,Rural,3,Principal Arterial - Other,1,State Highway Agency,3,State Highway,SR-789,,90,90,40.98119722,40.98119722,-117.384011110,-117.384011110,0,No Special Jurisdiction,12,Motor Vehicle In-Transport,2,Front-to-Front,0,No,1,Non-Junction,1,Not an Intersection,0,None,,,1,On Roadway,1,Daylight,,,,,10,Cloudy,0,No,0000000,Not Applicable,99,Unknown,99,Unknown,99,Unknown EMS Scene Arrival Hour,99,Unknown EMS Scene Arrival Minutes,99,Unknown,99,Unknown EMS Hospital Arrival Time,,,,,,,1,
2021,32,320330,Nevada,1,1,0,1,1,2,2,3,CLARK (3),0,NOT APPLICABLE,5,5,11,November,2021,6,Friday,20,8:00pm-8:59pm,46,46,1,This section IS ON the NHS,1,Rural,1,Interstate,1,State Highway Agency,1,Interstate,I-15 N,,10,10,35.60851944,35.60851944,-115.390480560,-115.390480560,0,No Special Jurisdiction,8,Pedestrian,0,The First Harmful Event was Not a Collision with a Motor Vehicle in Transport,0,No,1,Non-Junction,1,Not an Intersection,0,None,,,1,On Roadway,3,Dark - Lighted,,,,,1,Clear,0,No,0000000,Not Applicable,99,Unknown,98,Unknown if Notified,99,Unknown EMS Scene Arrival Hour,98,Unknown if Arrived,88,"Not Applicable (Not Transported) ",88,Not Applicable (Not Transported),,,,,,,1,
2021,32,320331,Nevada,1,1,0,1,1,1,1,31,WASHOE (31),170,RENO,30,30,11,November,2021,3,Tuesday,14,2:00pm-2:59pm,49,49,1,This section IS ON the NHS,2,Urban,3,Principal Arterial - Other,4,City or Municipal Highway Agency,8,Other,W 4TH ST,,99998,Not Reported,39.52904167,39.52904167,-119.818891670,-119.818891670,0,No Special Jurisdiction,8,Pedestrian,0,The First Harmful Event was Not a Collision with a Motor Vehicle in Transport,0,No,1,Non-Junction,1,Not an Intersection,0,None,,,1,On Roadway,1,Daylight,,,,,1,Clear,0,No,0000000,Not Applicable,99,Unknown,99,Unknown,99,Unknown EMS Scene Arrival Hour,99,Unknown EMS Scene Arrival Minutes,99,Unknown,99,Unknown EMS Hospital Arrival Time,,,,,,,1,
2021,32,320332,Nevada,1,1,0,0,0,1,1,3,CLARK (3),0,NOT APPLICABLE,28,28,11,November,2021,1,Sunday,19,7:00pm-7:59pm,47,47,1,This section IS ON the NHS,2,Urban,3,Principal Arterial - Other,1,State Highway Agency,2,U.S. Highway,"US-95 ",,99998,Not Reported,36.17533889,36.17533889,-115.244080560,-115.244080560,0,No Special Jurisdiction,35,Embankment,0,The First Harmful Event was Not a Collision with a Motor Vehicle in Transport,1,Yes,5,Entrance/Exit Ramp Related,1,Not an Intersection,0,None,,,4,On Roadside,3,Dark - Lighted,,,,,1,Clear,0,No,0000000,Not Applicable,99,Unknown,99,Unknown,99,Unknown EMS Scene Arrival Hour,99,Unknown EMS Scene Arrival Minutes,99,Unknown,99,Unknown EMS Hospital Arrival Time,,,,,,,1,
2021,32,320333,Nevada,1,1,0,0,0,1,1,31,WASHOE (31),0,NOT APPLICABLE,10,10,9,September,2021,6,Friday,9,9:00am-9:59am,12,12,1,This section IS ON the NHS,2,Urban,3,Principal Arterial - Other,1,State Highway Agency,2,U.S. Highway,US-395,,280,280,39.57401944,39.57401944,-119.808597220,-119.808597220,0,No Special Jurisdiction,21,Bridge Pier or Support,0,The First Harmful Event was Not a Collision with a Motor Vehicle in Transport,0,No,1,Non-Junction,1,Not an Intersection,0,None,,,3,On Median,1,Daylight,,,,,10,Cloudy,0,No,0000000,Not Applicable,99,Unknown,99,Unknown,99,Unknown EMS Scene Arrival Hour,99,Unknown EMS Scene Arrival Minutes,99,Unknown,99,Unknown EMS Hospital Arrival Time,,,,,,,1,