caseyear,state,st_case,statename,ve_total,ve_forms,pvh_invl,peds,pernotmvit,permvit,persons,county,countyname,city,cityname,day,dayname,month,monthname,year,day_week,day_weekname,hour,hourname,minute,minutename,nhs,nhsname,rur_urb,rur_urbname,func_sys,func_sysname,rd_owner,rd_ownername,route,routename,tway_id,tway_id2,milept,mileptname,latitude,latitudename,longitud,longitudname,sp_jur,sp_jurname,harm_ev,harm_evname,man_coll,man_collname,reljct1,reljct1name,reljct2,reljct2name,typ_int,typ_intname,wrk_zone,wrk_zonename,road_fnc,road_fncname,rel_road,rel_roadname,lgt_cond,lgt_condname,weather1,weather1name,weather2,weather2name,weather,weathername,sch_bus,sch_busname,rail,railname,not_hour,not_hourname,not_min,not_minname,arr_hour,arr_hourname,arr_min,arr_minname,hosp_hr,hosp_hrname,hosp_mn,hosp_mnname,cf1,cf1name,cf2,cf2name,cf3,cf3name,fatals,drunk_dr
2023,32,320288,Nevada,1,1,0,0,0,2,2,3,CLARK (3),0,NOT APPLICABLE,18,18,11,November,2023,7,Saturday,20,8:00pm-8:59pm,47,47,0,This Section IS NOT on the NHS,2,Urban,7,Local,2,County Highway Agency,0,Not Signed,S LAMB BLVD,E RENO AVE,99998,Not Reported,36.09675278,36.09675278,-115.082525000,-115.08252500,0,No Special Jurisdiction,38,Fence,0,The First Harmful Event was Not a Collision with a Motor Vehicle in Transport,0,No,3,Intersection-Related,3,T-Intersection,0,None,,,4,On Roadside,3,Dark - Lighted,,,,,1,Clear,0,No,0000000,Not Applicable,99,Unknown,99,Unknown,99,Unknown EMS Scene Arrival Hour,99,Unknown EMS Scene Arrival Minutes,99,Unknown,99,Unknown EMS Hospital Arrival Time,,,,,,,1,
2023,32,320289,Nevada,1,1,0,0,0,2,2,3,CLARK (3),0,NOT APPLICABLE,18,18,11,November,2023,7,Saturday,21,9:00pm-9:59pm,49,49,0,This Section IS NOT on the NHS,1,Rural,5,Major Collector,1,State Highway Agency,3,State Highway,SR-161,,40,40,35.80198056,35.80198056,-115.372450000,-115.37245000,0,No Special Jurisdiction,31,"Post, Pole or Other Supports",0,The First Harmful Event was Not a Collision with a Motor Vehicle in Transport,0,No,1,Non-Junction,1,Not an Intersection,0,None,,,4,On Roadside,2,Dark - Not Lighted,,,,,1,Clear,0,No,0000000,Not Applicable,99,Unknown,99,Unknown,99,Unknown EMS Scene Arrival Hour,99,Unknown EMS Scene Arrival Minutes,88,"Not Applicable (Not Transported) ",88,Not Applicable (Not Transported),,,,,,,1,
2023,32,320290,Nevada,2,2,0,1,1,4,4,3,CLARK (3),0,NOT APPLICABLE,19,19,11,November,2023,1,Sunday,20,8:00pm-8:59pm,0,0,0,This Section IS NOT on the NHS,2,Urban,4,Minor Arterial,1,State Highway Agency,3,State Highway,SR-592,LINDELL RD,99998,Not Reported,36.11494444,36.11494444,-115.216338890,-115.21633889,0,No Special Jurisdiction,8,Pedestrian,0,The First Harmful Event was Not a Collision with a Motor Vehicle in Transport,0,No,3,Intersection-Related,2,Four-Way Intersection,0,None,,,1,On Roadway,3,Dark - Lighted,,,,,1,Clear,0,No,0000000,Not Applicable,99,Unknown,99,Unknown,99,Unknown EMS Scene Arrival Hour,99,Unknown EMS Scene Arrival Minutes,88,"Not Applicable (Not Transported) ",88,Not Applicable (Not Transported),,,,,,,1,
2023,32,320291,Nevada,1,1,0,1,1,1,1,3,CLARK (3),0,NOT APPLICABLE,21,21,11,November,2023,3,Tuesday,22,10:00pm-10:59pm,42,42,0,This Section IS NOT on the NHS,2,Urban,4,Minor Arterial,2,County Highway Agency,0,Not Signed,W FLAMINGO RD,S BUFFALO DR,99998,Not Reported,36.11472500,36.11472500,-115.260816670,-115.26081667,0,No Special Jurisdiction,8,Pedestrian,0,The First Harmful Event was Not a Collision with a Motor Vehicle in Transport,0,No,3,Intersection-Related,2,Four-Way Intersection,0,None,,,1,On Roadway,3,Dark - Lighted,,,,,1,Clear,0,No,0000000,Not Applicable,99,Unknown,99,Unknown,99,Unknown EMS Scene Arrival Hour,99,Unknown EMS Scene Arrival Minutes,88,"Not Applicable (Not Transported) ",88,Not Applicable (Not Transported),,,,,,,1,
2023,32,320292,Nevada,2,2,0,1,1,2,2,3,CLARK (3),0,NOT APPLICABLE,22,22,11,November,2023,4,Wednesday,7,7:00am-7:59am,51,51,0,This Section IS NOT on the NHS,2,Urban,4,Minor Arterial,2,County Highway Agency,0,Not Signed,S MARYLAND PKWY,E TROPICANA AVE,99998,Not Reported,36.10030278,36.10030278,-115.136780560,-115.13678056,0,No Special Jurisdiction,8,Pedestrian,0,The First Harmful Event was Not a Collision with a Motor Vehicle in Transport,0,No,3,Intersection-Related,2,Four-Way Intersection,0,None,,,2,On Shoulder,1,Daylight,,,,,1,Clear,0,No,0000000,Not Applicable,7,7:00am-7:59am,53,53,7,7:00am-7:59am,56,56,8,8:00am-8:59am,7,7,,,,,,,1,
2023,32,320293,Nevada,2,2,0,0,0,2,2,33,WHITE PINE (33),0,NOT APPLICABLE,24,24,11,November,2023,6,Friday,18,6:00pm-6:59pm,20,20,1,This Section IS ON the NHS,1,Rural,3,Other Principal Arterial,1,State Highway Agency,2,U.S. Highway,US-6,,330,330,39.22306667,39.22306667,-114.955955560,-114.95595556,0,No Special Jurisdiction,12,Motor Vehicle In-Transport,6,Angle,0,No,1,Non-Junction,1,Not an Intersection,0,None,,,1,On Roadway,2,Dark - Not Lighted,,,,,4,Snow,0,No,0000000,Not Applicable,99,Unknown,98,Unknown if Notified,99,Unknown EMS Scene Arrival Hour,98,Unknown if Arrived,88,"Not Applicable (Not Transported) ",88,Not Applicable (Not Transported),,,,,,,1,
2023,32,320294,Nevada,1,1,0,0,0,5,5,1,CHURCHILL (1),0,NOT APPLICABLE,16,16,11,November,2023,5,Thursday,21,9:00pm-9:59pm,51,51,1,This Section IS ON the NHS,2,Urban,3,Other Principal Arterial,1,State Highway Agency,2,U.S. Highway,US-50A,,70,70,39.52931944,39.52931944,-118.974797220,-118.97479722,0,No Special Jurisdiction,18,Other Object (not fixed),0,The First Harmful Event was Not a Collision with a Motor Vehicle in Transport,0,No,1,Non-Junction,1,Not an Intersection,0,None,,,4,On Roadside,2,Dark - Not Lighted,,,,,10,Cloudy,0,No,0000000,Not Applicable,99,Unknown,99,Unknown,99,Unknown EMS Scene Arrival Hour,99,Unknown EMS Scene Arrival Minutes,99,Unknown,99,Unknown EMS Hospital Arrival Time,,,,,,,1,
2023,32,320295,Nevada,1,1,0,1,1,1,1,3,CLARK (3),0,NOT APPLICABLE,22,22,11,November,2023,4,Wednesday,18,6:00pm-6:59pm,49,49,0,This Section IS NOT on the NHS,2,Urban,6,Minor Collector,2,County Highway Agency,0,Not Signed,E HARMON AVE,,99998,Not Reported,36.10796667,36.10796667,-115.160227780,-115.16022778,0,No Special Jurisdiction,8,Pedestrian,0,The First Harmful Event was Not a Collision with a Motor Vehicle in Transport,0,No,1,Non-Junction,1,Not an Intersection,0,None,,,1,On Roadway,3,Dark - Lighted,,,,,1,Clear,0,No,0000000,Not Applicable,18,6:00pm-6:59pm,50,50,18,6:00pm-6:59pm,56,56,19,7:00pm-7:59pm,9,9,,,,,,,1,
2023,32,320296,Nevada,3,3,0,0,0,6,6,23,NYE (23),0,NOT APPLICABLE,19,19,10,October,2023,5,Thursday,20,8:00pm-8:59pm,54,54,1,This Section IS ON the NHS,1,Rural,3,Other Principal Arterial,1,State Highway Agency,2,U.S. Highway,US-95,,570,570,36.86406389,36.86406389,-116.756463890,-116.75646389,0,No Special Jurisdiction,12,Motor Vehicle In-Transport,2,Front-to-Front,0,No,1,Non-Junction,1,Not an Intersection,0,None,,,1,On Roadway,2,Dark - Not Lighted,,,,,1,Clear,0,No,0000000,Not Applicable,99,Unknown,99,Unknown,99,Unknown EMS Scene Arrival Hour,99,Unknown EMS Scene Arrival Minutes,99,Unknown,99,Unknown EMS Hospital Arrival Time,,,,,,,4,
2023,32,320298,Nevada,2,2,0,0,0,2,2,17,LINCOLN (17),0,NOT APPLICABLE,18,18,11,November,2023,7,Saturday,10,10:00am-10:59am,0,0,0,This Section IS NOT on the NHS,1,Rural,5,Major Collector,1,State Highway Agency,3,State Highway,SR-375,OLD MILL ST,99998,Not Reported,37.64721944,37.64721944,-115.745005560,-115.74500556,0,No Special Jurisdiction,31,"Post, Pole or Other Supports",0,The First Harmful Event was Not a Collision with a Motor Vehicle in Transport,0,No,3,Intersection-Related,3,T-Intersection,0,None,,,4,On Roadside,1,Daylight,,,,,10,Cloudy,0,No,0000000,Not Applicable,99,Unknown,99,Unknown,99,Unknown EMS Scene Arrival Hour,99,Unknown EMS Scene Arrival Minutes,99,Unknown,99,Unknown EMS Hospital Arrival Time,,,,,,,1,
2023,32,320299,Nevada,1,1,0,0,0,2,2,3,CLARK (3),0,NOT APPLICABLE,26,26,11,November,2023,1,Sunday,19,7:00pm-7:59pm,14,14,1,This Section IS ON the NHS,1,Rural,1,Interstate,1,State Highway Agency,1,Interstate,I-15,,1060,1060,36.76382778,36.76382778,-114.351325000,-114.35132500,0,No Special Jurisdiction,1,Rollover/Overturn,0,The First Harmful Event was Not a Collision with a Motor Vehicle in Transport,0,No,1,Non-Junction,1,Not an Intersection,0,None,,,3,On Median,2,Dark - Not Lighted,,,,,1,Clear,0,No,0000000,Not Applicable,99,Unknown,99,Unknown,99,Unknown EMS Scene Arrival Hour,99,Unknown EMS Scene Arrival Minutes,88,"Not Applicable (Not Transported) ",88,Not Applicable (Not Transported),,,,,,,2,
2023,32,320300,Nevada,1,1,0,1,1,1,1,3,CLARK (3),0,NOT APPLICABLE,26,26,11,November,2023,1,Sunday,21,9:00pm-9:59pm,10,10,1,This Section IS ON the NHS,2,Urban,3,Other Principal Arterial,1,State Highway Agency,3,State Highway,SR-599,,99998,Not Reported,36.25333056,36.25333056,-115.244783330,-115.24478333,0,No Special Jurisdiction,8,Pedestrian,0,The First Harmful Event was Not a Collision with a Motor Vehicle in Transport,0,No,1,Non-Junction,1,Not an Intersection,0,None,,,1,On Roadway,3,Dark - Lighted,,,,,1,Clear,0,No,0000000,Not Applicable,99,Unknown,99,Unknown,99,Unknown EMS Scene Arrival Hour,99,Unknown EMS Scene Arrival Minutes,88,"Not Applicable (Not Transported) ",88,Not Applicable (Not Transported),,,,,,,1,
2023,32,320301,Nevada,3,1,2,2,3,1,2,3,CLARK (3),120,LAS VEGAS,30,30,11,November,2023,5,Thursday,3,3:00am-3:59am,33,33,1,This Section IS ON the NHS,2,Urban,1,Interstate,1,State Highway Agency,1,Interstate,I-15,,99998,Not Reported,36.17832500,36.17832500,-115.148613890,-115.14861389,0,No Special Jurisdiction,8,Pedestrian,0,The First Harmful Event was Not a Collision with a Motor Vehicle in Transport,1,Yes,5,Entrance/Exit Ramp Related,1,Not an Intersection,0,None,,,2,On Shoulder,3,Dark - Lighted,,,,,1,Clear,0,No,0000000,Not Applicable,99,Unknown,99,Unknown,99,Unknown EMS Scene Arrival Hour,99,Unknown EMS Scene Arrival Minutes,99,Unknown,99,Unknown EMS Hospital Arrival Time,,,,,,,2,
2023,32,320303,Nevada,1,1,0,1,1,1,1,3,CLARK (3),0,NOT APPLICABLE,2,2,12,December,2023,7,Saturday,5,5:00am-5:59am,14,14,0,This Section IS NOT on the NHS,2,Urban,4,Minor Arterial,2,County Highway Agency,0,Not Signed,E DESERT INN RD,,99998,Not Reported,36.12979167,36.12979167,-115.120741670,-115.12074167,0,No Special Jurisdiction,8,Pedestrian,0,The First Harmful Event was Not a Collision with a Motor Vehicle in Transport,0,No,1,Non-Junction,1,Not an Intersection,0,None,,,1,On Roadway,3,Dark - Lighted,,,,,1,Clear,0,No,0000000,Not Applicable,99,Unknown,99,Unknown,99,Unknown EMS Scene Arrival Hour,99,Unknown EMS Scene Arrival Minutes,88,"Not Applicable (Not Transported) ",88,Not Applicable (Not Transported),,,,,,,1,
2023,32,320304,Nevada,2,2,0,0,0,2,2,3,CLARK (3),0,NOT APPLICABLE,2,2,12,December,2023,7,Saturday,11,11:00am-11:59am,40,40,0,This Section IS NOT on the NHS,2,Urban,4,Minor Arterial,1,State Highway Agency,3,State Highway,SR-592,S MCLEOD DR,99998,Not Reported,36.11488889,36.11488889,-115.109925000,-115.10992500,0,No Special Jurisdiction,12,Motor Vehicle In-Transport,6,Angle,0,No,2,Intersection,2,Four-Way Intersection,0,None,,,1,On Roadway,1,Daylight,,,,,1,Clear,0,No,0000000,Not Applicable,11,11:00am-11:59am,42,42,11,11:00am-11:59am,48,48,12,12:00pm-12:59pm,0,0,,,,,,,1,
2023,32,320305,Nevada,5,5,0,0,0,6,6,3,CLARK (3),0,NOT APPLICABLE,3,3,12,December,2023,1,Sunday,19,7:00pm-7:59pm,16,16,1,This Section IS ON the NHS,2,Urban,3,Other Principal Arterial,1,State Highway Agency,3,State Highway,SR-595,SPRING VALLEY PKWY,99998,Not Reported,36.11397778,36.11397778,-115.242827780,-115.24282778,0,No Special Jurisdiction,12,Motor Vehicle In-Transport,1,Front-to-Rear,0,No,3,Intersection-Related,2,Four-Way Intersection,0,None,,,1,On Roadway,3,Dark - Lighted,,,,,1,Clear,0,No,0000000,Not Applicable,19,7:00pm-7:59pm,18,18,19,7:00pm-7:59pm,23,23,19,7:00pm-7:59pm,44,44,,,,,,,1,
2023,32,320306,Nevada,2,2,0,0,0,2,2,31,WASHOE (31),170,RENO,6,6,12,December,2023,4,Wednesday,16,4:00pm-4:59pm,23,23,1,This Section IS ON the NHS,2,Urban,3,Other Principal Arterial,1,State Highway Agency,3,State Highway,SR-667,,99998,Not Reported,39.51433889,39.51433889,-119.789111110,-119.78911111,0,No Special Jurisdiction,12,Motor Vehicle In-Transport,6,Angle,0,No,8,Driveway Access Related,1,Not an Intersection,0,None,,,1,On Roadway,5,Dusk,,,,,10,Cloudy,0,No,0000000,Not Applicable,99,Unknown,99,Unknown,99,Unknown EMS Scene Arrival Hour,99,Unknown EMS Scene Arrival Minutes,99,Unknown,99,Unknown EMS Hospital Arrival Time,,,,,,,1,
2023,32,320307,Nevada,1,1,0,0,0,1,1,3,CLARK (3),0,NOT APPLICABLE,12,12,12,December,2023,3,Tuesday,22,10:00pm-10:59pm,29,29,0,This Section IS NOT on the NHS,2,Urban,4,Minor Arterial,2,County Highway Agency,0,Not Signed,S SLOAN LN,E CHARLESTON BLVD,99998,Not Reported,36.15953333,36.15953333,-115.047363890,-115.04736389,0,No Special Jurisdiction,33,Curb,0,The First Harmful Event was Not a Collision with a Motor Vehicle in Transport,0,No,3,Intersection-Related,2,Four-Way Intersection,0,None,,,4,On Roadside,3,Dark - Lighted,,,,,1,Clear,0,No,0000000,Not Applicable,99,Unknown,99,Unknown,99,Unknown EMS Scene Arrival Hour,99,Unknown EMS Scene Arrival Minutes,88,"Not Applicable (Not Transported) ",88,Not Applicable (Not Transported),,,,,,,1,
2023,32,320308,Nevada,1,1,0,1,1,1,1,31,WASHOE (31),170,RENO,15,15,12,December,2023,6,Friday,18,6:00pm-6:59pm,34,34,0,This Section IS NOT on the NHS,2,Urban,7,Local,4,City or Municipal Highway Agency,0,Not Signed,WRONDEL WAY,,99998,Not Reported,39.49866667,39.49866667,-119.796252780,-119.79625278,0,No Special Jurisdiction,8,Pedestrian,0,The First Harmful Event was Not a Collision with a Motor Vehicle in Transport,0,No,1,Non-Junction,1,Not an Intersection,0,None,,,1,On Roadway,3,Dark - Lighted,,,,,1,Clear,0,No,0000000,Not Applicable,99,Unknown,99,Unknown,99,Unknown EMS Scene Arrival Hour,99,Unknown EMS Scene Arrival Minutes,88,"Not Applicable (Not Transported) ",88,Not Applicable (Not Transported),,,,,,,1,
2023,32,320309,Nevada,3,3,0,0,0,4,4,510,IND.CITY-CARSON CITY (510),50,CARSON CITY,16,16,12,December,2023,7,Saturday,12,12:00pm-12:59pm,15,15,0,This Section IS NOT on the NHS,2,Urban,6,Minor Collector,4,City or Municipal Highway Agency,0,Not Signed,AIRPORT RD,SHERMAN LN,99998,Not Reported,39.18281944,39.18281944,-119.733313890,-119.73331389,0,No Special Jurisdiction,12,Motor Vehicle In-Transport,6,Angle,0,No,2,Intersection,2,Four-Way Intersection,0,None,,,1,On Roadway,1,Daylight,,,,,1,Clear,0,No,0000000,Not Applicable,99,Unknown,99,Unknown,99,Unknown EMS Scene Arrival Hour,99,Unknown EMS Scene Arrival Minutes,99,Unknown,99,Unknown EMS Hospital Arrival Time,,,,,,,1,
2023,32,320310,Nevada,1,1,0,1,1,1,1,3,CLARK (3),0,NOT APPLICABLE,8,8,9,September,2023,6,Friday,5,5:00am-5:59am,7,7,0,This Section IS NOT on the NHS,2,Urban,4,Minor Arterial,2,County Highway Agency,0,Not Signed,S FORT APACHE RD,W ROCHELLE AVE,99998,Not Reported,36.11124722,36.11124722,-115.297138890,-115.29713889,0,No Special Jurisdiction,8,Pedestrian,0,The First Harmful Event was Not a Collision with a Motor Vehicle in Transport,0,No,2,Intersection,3,T-Intersection,0,None,,,1,On Roadway,3,Dark - Lighted,,,,,1,Clear,0,No,0000000,Not Applicable,99,Unknown,99,Unknown,99,Unknown EMS Scene Arrival Hour,99,Unknown EMS Scene Arrival Minutes,88,"Not Applicable (Not Transported) ",88,Not Applicable (Not Transported),,,,,,,1,
2023,32,320311,Nevada,1,1,0,1,1,1,1,3,CLARK (3),0,NOT APPLICABLE,7,7,9,September,2023,5,Thursday,19,7:00pm-7:59pm,46,46,0,This Section IS NOT on the NHS,2,Urban,4,Minor Arterial,1,State Highway Agency,3,State Highway,SR-574,,99998,Not Reported,36.21774444,36.21774444,-115.108005560,-115.10800556,0,No Special Jurisdiction,8,Pedestrian,0,The First Harmful Event was Not a Collision with a Motor Vehicle in Transport,0,No,1,Non-Junction,1,Not an Intersection,0,None,,,1,On Roadway,3,Dark - Lighted,,,,,1,Clear,0,No,0000000,Not Applicable,99,Unknown,99,Unknown,99,Unknown EMS Scene Arrival Hour,99,Unknown EMS Scene Arrival Minutes,88,"Not Applicable (Not Transported) ",88,Not Applicable (Not Transported),,,,,,,1,
2023,32,320312,Nevada,1,1,0,1,1,1,1,3,CLARK (3),0,NOT APPLICABLE,17,17,9,September,2023,1,Sunday,19,7:00pm-7:59pm,54,54,0,This Section IS NOT on the NHS,2,Urban,4,Minor Arterial,1,State Highway Agency,3,State Highway,SR-604,SR-574,99998,Not Reported,36.21735833,36.21735833,-115.093894440,-115.09389444,0,No Special Jurisdiction,8,Pedestrian,0,The First Harmful Event was Not a Collision with a Motor Vehicle in Transport,0,No,3,Intersection-Related,2,Four-Way Intersection,0,None,,,1,On Roadway,3,Dark - Lighted,,,,,1,Clear,0,No,0000000,Not Applicable,99,Unknown,99,Unknown,99,Unknown EMS Scene Arrival Hour,99,Unknown EMS Scene Arrival Minutes,88,"Not Applicable (Not Transported) ",88,Not Applicable (Not Transported),,,,,,,1,
2023,32,320313,Nevada,1,1,0,0,0,2,2,3,CLARK (3),0,NOT APPLICABLE,29,29,11,November,2023,4,Wednesday,17,5:00pm-5:59pm,1,1,0,This Section IS NOT on the NHS,1,Rural,5,Major Collector,1,State Highway Agency,3,State Highway,SR-157,,60,60,36.27051389,36.27051389,-115.549875000,-115.54987500,0,No Special Jurisdiction,31,"Post, Pole or Other Supports",0,The First Harmful Event was Not a Collision with a Motor Vehicle in Transport,0,No,1,Non-Junction,1,Not an Intersection,0,None,,,4,On Roadside,2,Dark - Not Lighted,,,,,1,Clear,0,No,0000000,Not Applicable,99,Unknown,99,Unknown,99,Unknown EMS Scene Arrival Hour,99,Unknown EMS Scene Arrival Minutes,99,Unknown,99,Unknown EMS Hospital Arrival Time,,,,,,,1,
2023,32,320314,Nevada,1,1,0,1,1,1,1,3,CLARK (3),0,NOT APPLICABLE,22,22,12,December,2023,6,Friday,18,6:00pm-6:59pm,21,21,0,This Section IS NOT on the NHS,2,Urban,4,Minor Arterial,2,County Highway Agency,0,Not Signed,W BRUCE WOODBURY DR,,99998,Not Reported,35.15369444,35.15369444,-114.616322220,-114.61632222,0,No Special Jurisdiction,8,Pedestrian,0,The First Harmful Event was Not a Collision with a Motor Vehicle in Transport,0,No,1,Non-Junction,1,Not an Intersection,0,None,,,1,On Roadway,3,Dark - Lighted,,,,,1,Clear,0,No,0000000,Not Applicable,18,6:00pm-6:59pm,24,24,18,6:00pm-6:59pm,31,31,18,6:00pm-6:59pm,55,55,,,,,,,1,
2023,32,320315,Nevada,4,4,0,0,0,9,9,3,CLARK (3),0,NOT APPLICABLE,24,24,12,December,2023,1,Sunday,13,1:00pm-1:59pm,25,25,0,This Section IS NOT on the NHS,2,Urban,4,Minor Arterial,1,State Highway Agency,3,State Highway,SR-159,,99998,Not Reported,36.15901389,36.15901389,-115.063875000,-115.06387500,0,No Special Jurisdiction,12,Motor Vehicle In-Transport,6,Angle,0,No,1,Non-Junction,1,Not an Intersection,0,None,,,1,On Roadway,1,Daylight,,,,,1,Clear,0,No,0000000,Not Applicable,99,Unknown,99,Unknown,99,Unknown EMS Scene Arrival Hour,99,Unknown EMS Scene Arrival Minutes,99,Unknown,99,Unknown EMS Hospital Arrival Time,,,,,,,2,
2023,32,320316,Nevada,1,1,0,0,0,2,2,3,CLARK (3),0,NOT APPLICABLE,25,25,12,December,2023,2,Monday,0,0:00am-0:59am,26,26,1,This Section IS ON the NHS,2,Urban,1,Interstate,1,State Highway Agency,1,Interstate,I-11,,590,590,36.01399167,36.01399167,-114.991369440,-114.99136944,0,No Special Jurisdiction,24,Guardrail Face,0,The First Harmful Event was Not a Collision with a Motor Vehicle in Transport,0,No,1,Non-Junction,1,Not an Intersection,0,None,,,8,Gore,2,Dark - Not Lighted,,,,,1,Clear,0,No,0000000,Not Applicable,99,Unknown,99,Unknown,99,Unknown EMS Scene Arrival Hour,99,Unknown EMS Scene Arrival Minutes,99,Unknown,99,Unknown EMS Hospital Arrival Time,,,,,,,1,
2023,32,320317,Nevada,2,2,0,0,0,2,2,3,CLARK (3),0,NOT APPLICABLE,25,25,12,December,2023,2,Monday,0,0:00am-0:59am,50,50,0,This Section IS NOT on the NHS,2,Urban,4,Minor Arterial,2,County Highway Agency,0,Not Signed,DEAN MARTIN DR,PONDEROSA WAY,99998,Not Reported,36.08068056,36.08068056,-115.181613890,-115.18161389,0,No Special Jurisdiction,12,Motor Vehicle In-Transport,6,Angle,0,No,2,Intersection,3,T-Intersection,0,None,,,1,On Roadway,3,Dark - Lighted,,,,,1,Clear,0,No,0000000,Not Applicable,0,0:00am-0:59am,47,47,0,0:00am-0:59am,48,48,88,"Not Applicable (Not Transported) ",88,Not Applicable (Not Transported),,,,,,,1,
2023,32,320318,Nevada,2,2,0,0,0,5,5,3,CLARK (3),120,LAS VEGAS,29,29,12,December,2023,6,Friday,10,10:00am-10:59am,23,23,0,This Section IS NOT on the NHS,2,Urban,4,Minor Arterial,4,City or Municipal Highway Agency,0,Not Signed,S DURANGO DR,SONETO LN,99998,Not Reported,36.15697778,36.15697778,-115.280133330,-115.28013333,0,No Special Jurisdiction,12,Motor Vehicle In-Transport,6,Angle,0,No,2,Intersection,2,Four-Way Intersection,0,None,,,1,On Roadway,1,Daylight,,,,,1,Clear,0,No,0000000,Not Applicable,99,Unknown,99,Unknown,99,Unknown EMS Scene Arrival Hour,99,Unknown EMS Scene Arrival Minutes,99,Unknown,99,Unknown EMS Hospital Arrival Time,,,,,,,1,
2023,32,320319,Nevada,2,2,0,0,0,2,2,3,CLARK (3),0,NOT APPLICABLE,29,29,12,December,2023,6,Friday,18,6:00pm-6:59pm,21,21,0,This Section IS NOT on the NHS,2,Urban,4,Minor Arterial,2,County Highway Agency,0,Not Signed,S FORT APACHE RD,W HUNTINGTON COVE PKWY,99998,Not Reported,36.03697500,36.03697500,-115.297169440,-115.29716944,0,No Special Jurisdiction,12,Motor Vehicle In-Transport,6,Angle,0,No,2,Intersection,2,Four-Way Intersection,0,None,,,1,On Roadway,5,Dusk,,,,,1,Clear,0,No,0000000,Not Applicable,99,Unknown,99,Unknown,99,Unknown EMS Scene Arrival Hour,99,Unknown EMS Scene Arrival Minutes,99,Unknown,99,Unknown EMS Hospital Arrival Time,,,,,,,1,
2023,32,320320,Nevada,3,3,0,1,1,3,3,31,WASHOE (31),190,SPARKS,7,7,12,December,2023,5,Thursday,17,5:00pm-5:59pm,25,25,0,This Section IS NOT on the NHS,2,Urban,4,Minor Arterial,1,State Highway Agency,3,State Highway,SR-668,I-80,99998,Not Reported,39.53353333,39.53353333,-119.765825000,-119.76582500,0,No Special Jurisdiction,8,Pedestrian,0,The First Harmful Event was Not a Collision with a Motor Vehicle in Transport,1,Yes,3,Intersection-Related,2,Four-Way Intersection,0,None,,,1,On Roadway,3,Dark - Lighted,,,,,1,Clear,0,No,0000000,Not Applicable,99,Unknown,99,Unknown,99,Unknown EMS Scene Arrival Hour,99,Unknown EMS Scene Arrival Minutes,99,Unknown,99,Unknown EMS Hospital Arrival Time,,,,,,,1,
2023,32,320321,Nevada,2,2,0,0,0,9,9,23,NYE (23),0,NOT APPLICABLE,23,23,12,December,2023,7,Saturday,14,2:00pm-2:59pm,59,59,0,This Section IS NOT on the NHS,2,Urban,7,Local,2,County Highway Agency,0,Not Signed,GALLY RD,BARNEY ST,0,None,36.27115833,36.27115833,-116.068475000,-116.06847500,0,No Special Jurisdiction,12,Motor Vehicle In-Transport,6,Angle,0,No,2,Intersection,2,Four-Way Intersection,0,None,,,1,On Roadway,1,Daylight,,,,,1,Clear,0,No,0000000,Not Applicable,99,Unknown,98,Unknown if Notified,99,Unknown EMS Scene Arrival Hour,98,Unknown if Arrived,88,"Not Applicable (Not Transported) ",88,Not Applicable (Not Transported),,,,,,,1,
2023,32,320322,Nevada,1,1,0,1,1,2,2,3,CLARK (3),150,NORTH LAS VEGAS,21,21,11,November,2023,3,Tuesday,19,7:00pm-7:59pm,18,18,0,This Section IS NOT on the NHS,2,Urban,4,Minor Arterial,4,City or Municipal Highway Agency,0,Not Signed,LOSEE RD,E WASHBURN RD,99998,Not Reported,36.25400556,36.25400556,-115.117027780,-115.11702778,0,No Special Jurisdiction,8,Pedestrian,0,The First Harmful Event was Not a Collision with a Motor Vehicle in Transport,0,No,3,Intersection-Related,2,Four-Way Intersection,0,None,,,1,On Roadway,3,Dark - Lighted,,,,,1,Clear,0,No,0000000,Not Applicable,99,Unknown,99,Unknown,99,Unknown EMS Scene Arrival Hour,99,Unknown EMS Scene Arrival Minutes,99,Unknown,99,Unknown EMS Hospital Arrival Time,,,,,,,1,
2023,32,320323,Nevada,1,1,0,1,1,1,1,3,CLARK (3),0,NOT APPLICABLE,30,30,12,December,2023,7,Saturday,4,4:00am-4:59am,51,51,1,This Section IS ON the NHS,2,Urban,3,Other Principal Arterial,2,County Highway Agency,0,Not Signed,W TROPICANA AVE,,99998,Not Reported,36.10096389,36.10096389,-115.205580560,-115.20558056,0,No Special Jurisdiction,33,Curb,0,The First Harmful Event was Not a Collision with a Motor Vehicle in Transport,0,No,1,Non-Junction,1,Not an Intersection,0,None,,,4,On Roadside,3,Dark - Lighted,,,,,1,Clear,0,No,0000000,Not Applicable,99,Unknown,99,Unknown,99,Unknown EMS Scene Arrival Hour,99,Unknown EMS Scene Arrival Minutes,88,"Not Applicable (Not Transported) ",88,Not Applicable (Not Transported),,,,,,,1,